bird_id,date,start_time,end_time,lat,lon,taxa,behavior,mesohabitat,photo_id,time,distance,transect,transect_start_lat,transect_start_lon,transect_end_lat,transect_end_lon
1,5/1/2019,10:27,12:27,,,Mourning Dove,Singing,no visual,,10:27,3,1,,,,
2,5/1/2019,10:27,12:27,,,Canyon Wren,Singing,no visual,,10:29,3,1,,,,
3,5/1/2019,10:27,12:27,34.78404,-115.66031,Phainopepla,Flying,air,,10:37,1,1,,,,
4,5/1/2019,10:27,12:27,34.7829,-115.66235,Mourning Dove,Standing on Ground,rock,,10:37,2,1,,,,
5,5/1/2019,10:27,12:27,34.7823,-115.66251,Phainopepla,Flying Between Plants,cactus canopy,,10:42,1,1,,,,
6,5/1/2019,10:27,12:27,34.78244,-115.66246,Phainopepla,Singing,cactus canopy,4-Jan,10:48,1,1,,,,
7,5/1/2019,10:27,12:27,34.78238,-115.66262,House Finch,Sitting on Plant,cactus canopy,8-May,10:52,1,1,,,,
8,5/1/2019,10:27,12:27,34.78224,-115.66208,,Flying,rock,12-Sep,10:55,2,1,,,,
9,5/1/2019,10:27,12:27,34.7823,-115.66251,Violet-green Swallow,Flying,air,13-14,10:57,1,1,,,,
10,5/1/2019,10:27,12:27,,,Mourning Dove,Singing,no visual,,10:58,3,1,,,,
11,5/1/2019,10:27,12:27,34.78249,-115.66231,,Flying on Plant,shrub,15-21,11:02,2,1,,,,
12,5/1/2019,10:27,12:27,34.78225,-115.66197,Phainopepla,Sitting on Plant,shrub,21-25,11:07,1,1,,,,
13,5/1/2019,10:27,12:27,34.78205,-115.66205,Hummingbird,Foraging,cactus canopy,,11:08,3,1,,,,
14,5/1/2019,10:27,12:27,34.782,-115.66183,Northern Mockingbird,Sitting on Plant,shrub,92-31,11:15,3,1,,,,
15,5/1/2019,10:27,12:27,34.78204,-115.66185,,Standing on Ground,rock,32-39,11:18,3,1,,,,
16,5/1/2019,10:27,12:27,34.78215,-115.66238,Phainopepla,Flying Between Plants,shrub,,11:26,2,1,,,,
17,5/1/2019,10:27,12:27,34.78228,-115.66245,Black-throated Sparrow,Singing,cactus canopy,,11:27,2,1,,,,
18,5/1/2019,10:27,12:27,34.78241,-115.66244,Mourning Dove,Calling,rock,,11:28,3,1,,,,
19,5/1/2019,10:27,12:27,,,Canyon Wren,Singing,no visual,,11:28,3,1,,,,
20,5/1/2019,10:27,12:27,,,Black-throated Sparrow,Singing,no visual,,11:31,3,1,,,,
21,5/1/2019,10:27,12:27,34.78164,-115.66261,Mourning Dove,Flying,air,,11:34,1,1,,,,
22,5/1/2019,10:27,12:27,,,Black-throated Sparrow,Singing,no visual,,11:34,3,1,,,,
23,5/1/2019,10:27,12:27,34.78138,-115.256,Northern Mockingbird,Singing,cactus canopy,40-43,11:34,2,1,,,,
24,5/1/2019,10:27,12:27,34.78145,-115.66306,Blue-gray Gnatcatcher,Singing,shrub,44-66,11:42,2,1,,,,
25,5/1/2019,10:27,12:27,34.78145,-115.66306,Blue-gray Gnatcatcher,Singing,shrub,44-66,11:42,2,1,,,,
26,5/1/2019,10:27,12:27,34.78145,-115.66306,Blue-gray Gnatcatcher,Singing,shrub,44-66,11:42,2,1,,,,
27,5/1/2019,10:27,12:27,34.78145,-115.66306,,Standing on Ground,rock,44-66,11:42,2,1,,,,
28,5/1/2019,10:27,12:27,34.78144,-115.66288,Canyon Wren,Singing,,,11:52,3,1,,,,
29,5/1/2019,10:27,12:27,34.78096,-115.66263,Northern Mockingbird,Flying,cactus canopy,,11:55,2,1,,,,
30,5/1/2019,10:27,12:27,,,Black-throated Sparrow,Singing,no visual,,11:57,2,1,,,,
31,5/1/2019,10:27,12:27,34.78053,-115.285,Black-throated Sparrow,Calling,,,11:59,2,1,,,,
32,5/1/2019,10:27,12:27,34.77952,-115.66265,,Flying Between Plants,cactus understory,67-71,12:05,2,1,,,,
33,5/1/2019,10:27,12:27,34.77952,-115.66265,,Flying Between Plants,cactus understory,67-71,12:05,2,1,,,,
34,5/1/2019,10:27,12:27,,,House Finch,Singing,no visual,,12:10,3,1,,,,
35,5/1/2019,10:27,12:27,34.7785,-115.66306,Black-headed Grosbeak,Sitting on Plant,shrub,72-84,12:14,1,1,,,,
36,5/1/2019,10:27,12:27,34.77835,-115.66309,Black-headed Grosbeak,Sitting on Plant,shrub,72-84,12:14,1,1,,,,
37,5/1/2019,10:27,12:27,34.77834,-115.66309,Black-headed Grosbeak,Sitting on Plant,shrub,72-84,12:14,1,1,,,,
38,5/1/2019,10:27,12:27,34.77821,-115.66322,Black-throated Sparrow,Flying Between Plants,shrub,,12:18,1,1,,,,
39,5/1/2019,10:27,12:27,34.77887,-115.66273,Ash-throated Flycatcher,Sitting on Plant,shrub,85-97,12:25,1,1,,,,
40,5/1/2019,14:31,16:31,,,Blue-gray Gnatcatcher,Singing,no visual,,14:34,3,2,,,,
41,5/1/2019,14:31,16:31,34.78279,-115.66315,Blue-gray Gnatcatcher,Flying on Plant,shrub,,14:34,1,2,,,,
42,5/1/2019,14:31,16:31,,,Black-throated Sparrow,Calling,no visual,,14:36,3,2,,,,
43,5/1/2019,14:31,16:31,,,Phainopepla,Calling,no visual,,14:37,2,2,,,,
44,5/1/2019,14:31,16:31,,,Canyon Wren,Singing,no visual,,14:43,3,2,,,,
45,5/1/2019,14:31,16:31,34.78221,-115.66355,Black-throated Sparrow,Flying on Plant,shrub,,14:45,1,2,,,,
46,5/1/2019,14:31,16:31,34.7822,-115.66359,Black-throated Sparrow,Flying on Plant,shrub,,14:45,1,2,,,,
47,5/1/2019,14:31,16:31,,,Blue-gray Gnatcatcher,Singing,no visual,,14:49,2,2,,,,
48,5/1/2019,14:31,16:31,,,Blue-gray Gnatcatcher,Singing,no visual,,14:49,2,2,,,,
49,5/1/2019,14:31,16:31,,,Black-throated Sparrow,Singing,no visual,,14:55,2,2,,,,
50,5/1/2019,14:31,16:31,34.78115,-115.6631,Black-throated Sparrow,Flying Between Plants,cactus canopy,,14:57,2,2,,,,
51,5/1/2019,14:31,16:31,34.7809,-115.66307,Black-throated Sparrow,Calling,shrub,7-Jan,14:59,2,2,,,,
52,5/1/2019,14:31,16:31,34.7809,-115.66308,Black-throated Sparrow,Flying Between Plants,cactus canopy,,14:59,2,2,,,,
53,5/1/2019,14:31,16:31,,,Canyon Wren,Singing,no visual,,15:04,3,2,,,,
54,5/1/2019,14:31,16:31,34.77994,-115.66382,Wilson's Warbler,Foraging,shrub,24-Aug,15:16,1,2,,,,
55,5/1/2019,14:31,16:31,34.77972,-115.66365,Black-throated Sparrow,Sitting on Plant,shrub,,15:17,1,2,,,,
56,5/1/2019,14:31,16:31,34.7791,-115.6651,Ash-throated Flycatcher,Singing,cactus canopy,25-43,15:28,3,2,,,,
57,5/1/2019,14:31,16:31,34.7791,-115.6651,Ash-throated Flycatcher,Singing,shrub,,15:29,3,2,,,,
58,5/1/2019,14:31,16:31,,,Black-throated Sparrow,Calling,no visual,,15:36,3,2,,,,
59,5/1/2019,14:31,16:31,34.77969,-115.66403,Black-throated Sparrow,Flying,shrub,,15:39,1,2,,,,
60,5/1/2019,14:31,16:31,34.77963,-115.66394,Wilson's Warbler,Foraging,shrub,,15:42,1,2,,,,
61,5/1/2019,14:31,16:31,,,Common Raven,Calling,no visual,,15:47,3,2,,,,
62,5/1/2019,14:31,16:31,34.78115,-115.66349,Black-throated Sparrow,Sitting on Plant,shrub,,15:55,1,2,,,,
63,5/1/2019,14:31,16:31,,,Black-throated Sparrow,Singing,no visual,,15:55,2,2,,,,
64,5/1/2019,14:31,16:31,34.7813,-115.66336,Black-throated Sparrow,Flying,shrub,,15:57,1,2,,,,
65,5/1/2019,14:31,16:31,,,Northern Mockingbird,Singing,no visual,,16:00,2,2,,,,
66,5/1/2019,14:31,16:31,,,Black-throated Sparrow,Calling,no visual,,16:03,1,2,,,,
67,5/1/2019,14:31,16:31,34.78174,-115.6636,Black-throated Sparrow,Flying,shrub,,16:03,1,2,,,,
68,5/1/2019,14:31,16:31,,,Black-throated Sparrow,Calling,no visual,,16:04,1,2,,,,
69,5/1/2019,14:31,16:31,34.78182,-115.66302,Ash-throated Flycatcher,Flying,rock,44-64,16:07,2,2,,,,
70,5/1/2019,14:31,16:31,,,Phainopepla,Singing,air,,16:11,2,2,,,,
71,5/1/2019,14:31,16:31,34.78219,-115.66343,Black-tailed Gnatcatcher,Calling,shrub,70-73,16:16,1,2,,,,
72,5/1/2019,14:31,16:31,34.78219,-115.66343,Blue-gray Gnatcatcher,Singing,shrub,,16:16,1,2,,,,
73,5/1/2019,14:31,16:31,34.78219,-115.66343,Blue-gray Gnatcatcher,Singing,shrub,,16:16,1,2,,,,
74,5/1/2019,14:31,16:31,34.78221,-115.66338,Black-tailed Gnatcatcher,Singing,shrub,,16:20,1,2,,,,
75,5/1/2019,14:31,16:31,34.78255,-115.66326,Black-throated Sparrow,Sitting on Plant,shrub,,16:23,1,2,,,,
76,5/1/2019,14:31,16:31,34.78256,-115.66327,Black-throated Sparrow,Standing on Ground,gravel,,16:22,1,2,,,,
77,5/1/2019,14:31,16:31,34.78258,-115.66326,Black-throated Sparrow,Standing on Ground,gravel,,16:22,1,2,,,,
78,5/1/2019,16:35,18:35,34.78313,-115.66232,Black-throated Sparrow,Calling,gravel,,16:35,1,1,,,,
79,5/1/2019,16:35,18:35,34.78313,-115.66223,Black-throated Sparrow,Calling,gravel,,16:35,1,1,,,,
80,5/1/2019,16:35,18:35,34.78313,-115.66227,Rock Wren,Standing on Ground,rock,121-123,16:44,1,1,,,,
81,5/1/2019,16:35,18:35,34.77223,-115.66269,Costa's Hummingbird,Sitting on Plant,shrub,124-131,16:52,1,1,,,,
82,5/1/2019,16:35,18:35,,,Phainopepla,Singing,no visual,,16:53,2,1,,,,
83,5/1/2019,16:35,18:35,34.78244,-115.66243,Phainopepla,Sitting on Plant,shrub,132-137,16:55,1,1,,,,
84,5/1/2019,16:35,18:35,,,Canyon Wren,Singing,no visual,,16:56,3,1,,,,
85,5/1/2019,16:35,18:35,34.78229,-115.66205,House Finch,Standing on Ground,rock,140-143,16:59,2,1,,,,
86,5/1/2019,16:35,18:35,34.78203,-115.66192,Phainopepla,Sitting on Plant,shrub,138-139,16:57,3,1,,,,
87,5/1/2019,16:35,18:35,34.78229,-115.66205,Rock Wren,Standing on Ground,rock,,17:01,2,1,,,,
88,5/1/2019,16:35,18:35,,,Canyon Wren,Singing,no visual,,17:04,3,1,,,,
89,5/1/2019,16:35,18:35,34.78188,-115.6618,Phainopepla,Standing on Ground,rock,144-145,17:09,2,1,,,,
90,5/1/2019,16:35,18:35,34.78188,-115.6618,Phainopepla,Standing on Ground,rock,,17:09,2,1,,,,
91,5/1/2019,16:35,18:35,34.78119,-115.66261,Northern Mockingbird,Singing,cactus canopy,,17:11,1,1,,,,
92,5/1/2019,16:35,18:35,34.78119,-115.66261,Northern Mockingbird,Flying,cactus canopy,,17:11,1,1,,,,
93,5/1/2019,16:35,18:35,,,Violet-green Swallow,Flying,air,,17:24,3,1,,,,
94,5/1/2019,16:35,18:35,,,Violet-green Swallow,Flying,air,,17:24,3,1,,,,
95,5/1/2019,16:35,18:35,,,Hummingbird,Flying,air,,17:36,1,1,,,,
96,5/1/2019,16:35,18:35,,,Black-throated Sparrow,Singing,no visual,,17:39,3,1,,,,
97,5/1/2019,16:35,18:35,,,Black-throated Sparrow,Singing,no visual,,17:39,3,1,,,,
98,5/1/2019,16:35,18:35,,,Say's Phoebe,Flying,air,152-155,17:43,3,1,,,,
99,5/1/2019,16:35,18:35,,,Northern Mockingbird,Sitting on Plant,cactus canopy,,17:50,3,1,,,,
100,5/1/2019,16:35,18:35,,,Canyon Wren,Singing,no visual,,17:56,3,1,,,,
101,5/1/2019,16:35,18:35,34.77935,-115.66249,Northern Mockingbird,Flying Between Plants,shrub,,18:00,3,1,,,,
102,5/1/2019,16:35,18:35,34.78146,-115.66301,Rock Wren,Standing on Ground,rock,157-171,18:14,2,1,,,,
103,5/1/2019,16:35,18:35,,,Mourning Dove,Singing,no visual,,18:15,3,1,,,,
104,5/1/2019,16:35,18:35,,,Phainopepla,Flying,rock,,18:17,3,1,,,,
105,5/1/2019,16:35,18:35,34.78271,-115.66242,Phainopepla,Sitting on Plant,shrub,,18:22,1,1,,,,
106,5/1/2019,16:35,18:35,,,Black-throated Sparrow,Calling,no visual,,18:23,2,1,,,,
107,5/1/2019,16:35,18:35,34.78299,-115.66221,House Finch,Singing,cactus canopy,,18:24,1,1,,,,
108,5/1/2019,16:35,18:35,34.78299,-115.66221,House Finch,Sparring,cactus canopy,,18:24,1,1,,,,
109,5/2/2019,6:25,8:25,34.78297,-115.66302,Black-tailed Gnatcatcher,Calling,shrub,,6:25,1,2,,,,
110,5/2/2019,6:25,8:25,34.294,-115.66297,Costa's Hummingbird,Flying,shrub,175-190,6:25,1,2,,,,
111,5/2/2019,6:25,8:25,34.78289,-115.66292,Blue-gray Gnatcatcher,Sparring,shrub,191,6:27,1,2,,,,
112,5/2/2019,6:25,8:25,34.78289,-115.66292,Black-tailed Gnatcatcher,Sparring,shrub,,6:27,1,2,,,,
113,5/2/2019,6:25,8:25,34.78296,-115.6629,Black-tailed Gnatcatcher,Sitting on Plant,shrub,,6:27,1,2,,,,
114,5/2/2019,6:25,8:25,,,Mourning Dove,Singing,no visual,,6:29,3,2,,,,
115,5/2/2019,6:25,8:25,34.78319,-115.66304,Mourning Dove,Standing on Ground,rock,,6:33,1,2,,,,
116,5/2/2019,6:25,8:25,,,Blue-gray Gnatcatcher,Singing,,192-195,6:33,1,2,,,,
117,5/2/2019,6:25,8:25,,,Northern Mockingbird,Singing,cactus canopy,195-198,6:35,1,2,,,,
118,5/2/2019,6:25,8:25,,,Rock Wren,Singing,rock,,6:39,2,2,,,,
119,5/2/2019,6:25,8:25,34.78277,-115.6632,Mourning Dove,Standing on Ground,rock,,6:44,1,2,,,,
120,5/2/2019,6:25,8:25,,,Black-throated Sparrow,Singing,no visual,,6:44,2,2,,,,
121,5/2/2019,6:25,8:25,,,Ash-throated Flycatcher,Singing,no visual,,6:47,3,2,,,,
122,5/2/2019,6:25,8:25,34.78263,-115.66328,House finch,Sitting on Plant,shrub,199-202,6:29,1,2,,,,
123,5/2/2019,6:25,8:25,,,Blue-gray Gnatcatcher,Singing,no visual,,6:50,1,2,,,,
124,5/2/2019,6:25,8:25,34.78264,-115.66289,Phainopepla,Foraging,cactus canopy,,6:53,2,2,,,,
125,5/2/2019,6:25,8:25,34.78262,-115.66289,Phainopepla,Flying,shrub,,6:53,2,2,,,,
126,5/2/2019,6:25,8:25,34.78279,-115.66282,Green-tailed Towhee,Sitting on Plant,shrub,203-214,6:55,2,2,,,,
127,5/2/2019,6:25,8:25,,,Blue-gray Gnatcatcher,Sparring,shrub,,6:56,2,2,,,,
128,5/2/2019,6:25,8:25,,,Blue-gray Gnatcatcher,Sparring,shrub,,6:56,2,2,,,,
129,5/2/2019,6:25,8:25,34.78285,-115.6628,Blue-gray Gnatcatcher,Sparring,cactus canopy,,7:03,2,2,,,,
130,5/2/2019,6:25,8:25,34.78285,-115.6628,Black-tailed Gnatcatcher,Sparring,cactus canopy,,7:03,2,2,,,,
131,5/2/2019,6:25,8:25,,,Black-throated Sparrow,Singing,no visual,,7:16,3,2,,,,
132,5/2/2019,6:25,8:25,,,Phainopepla,Singing,no visual,,7:19,3,2,,,,
133,5/2/2019,6:25,8:25,,,Phainopepla,Singing,no visual,,7:19,3,2,,,,
134,5/2/2019,6:25,8:25,34.78246,-115.66362,Leconte's Thrasher,Standing on Ground,rock,,7:19,2,2,,,,
135,5/2/2019,6:25,8:25,,,Black-throated Sparrow,Singing,rock,,7:20,3,2,,,,
136,5/2/2019,6:25,8:25,,,Black-throated Sparrow,Singing,no visual,,7:25,3,2,,,,
137,5/2/2019,6:25,8:25,,,Hummingbird,Flying,air,,7:26,1,2,,,,
138,5/2/2019,6:25,8:25,,,Black-throated Sparrow,Singing,no visual,,7:27,2,2,,,,
139,5/2/2019,6:25,8:25,34.7821,-115.66351,Mourning Dove,Calling,rock,,7:30,1,2,,,,
140,5/2/2019,6:25,8:25,,,Mourning Dove,Singing,no visual,,7:30,3,2,,,,
141,5/2/2019,6:25,8:25,34.78209,-115.66351,Phainopepla,Calling,,,7:32,1,2,,,,
142,5/2/2019,6:25,8:25,,,Black-throated Sparrow,Singing,no visual,,7:35,1,2,,,,
143,5/2/2019,6:25,8:25,34.78139,-115.66357,Hummingbird,Foraging,shrub,,7:39,1,2,,,,
144,5/2/2019,6:25,8:25,,,Northern Mockingbird,Singing,cactus canopy,,7:40,3,2,,,,
145,5/2/2019,6:25,8:25,34.78102,-115.66364,Green-tailed Towhee,Standing on Ground,grass,,7:44,1,2,,,,
146,5/2/2019,6:25,8:25,,,Canyon Wren,Singing,no visual,,7:45,3,2,,,,
147,5/2/2019,6:25,8:25,34.78045,-115.66381,Black-throated Sparrow,Calling,shrub,,7:50,1,2,,,,
148,5/2/2019,6:25,8:25,34.78045,-115.66381,Black-throated Sparrow,Calling,shrub,,7:51,1,2,,,,
149,5/2/2019,6:25,8:25,34.78045,-115.66381,Black-throated Sparrow,Flying Between Plants,shrub,,7:51,1,2,,,,
150,5/2/2019,6:25,8:25,34.78045,-115.66381,Black-throated Sparrow,Flying Between Plants,shrub,,7:51,1,2,,,,
151,5/2/2019,6:25,8:25,,,Black-throated Sparrow,Singing,no visual,,7:58,1,2,,,,
152,5/2/2019,6:25,8:25,34.78022,-115.6636,Mourning Dove,Calling,air,,7:58,1,2,,,,
153,5/2/2019,6:25,8:25,34.77996,-115.66391,Hammond's Flycatcher,Sitting on Plant,shrub,260-274,8:05,1,2,,,,
154,5/2/2019,6:25,8:25,,,Black-throated Sparrow,Singing,no visual,,8:07,2,2,,,,
155,5/2/2019,6:25,8:25,,,Black-throated Sparrow,Singing,no visual,,8:07,2,2,,,,
156,5/2/2019,6:25,8:25,34.77985,-115.66386,Black-chinned hummingbird,Singing,shrub,,8:10,1,2,,,,
157,5/2/2019,6:25,8:25,,,Black-throated Sparrow,Singing,no visual,,8:16,2,2,,,,
158,5/2/2019,6:25,8:25,34.77906,-115.66485,Northern Mockingbird,Flying Between Plants,shrub,,8:19,3,2,,,,
159,5/2/2019,6:25,8:25,34.77882,-115.66496,Northern Mockingbird,Sparring,shrub,,8:20,3,2,,,,
160,5/2/2019,6:25,8:25,,,Black-throated Sparrow,Calling,shrub,,8:21,3,2,,,,
161,5/2/2019,6:25,8:25,,,Black-throated Sparrow,Sparring,shrub,,8:21,3,2,,,,
162,5/2/2019,6:25,8:25,34.77856,-115.6641,Blue-gray Gnatcatcher,Calling,shrub,281-282,8:24,1,2,,,,
163,5/2/2019,6:25,8:25,34.77856,-115.6641,Blue-gray Gnatcatcher,Calling,shrub,281-282,8:24,1,2,,,,
164,5/2/2019,6:25,8:25,34.77856,-115.6641,Blue-gray Gnatcatcher,Calling,shrub,281-282,8:24,1,2,,,,
165,5/2/2019,6:25,8:25,34.77856,-115.6641,Blue-gray Gnatcatcher,Calling,shrub,281-282,8:24,1,2,,,,
166,5/2/2019,6:25,8:25,34.77856,-115.6641,Blue-gray Gnatcatcher,Calling,shrub,281-282,8:24,1,2,,,,
167,5/2/2019,6:25,8:25,34.77856,-115.6641,Blue-gray Gnatcatcher,Calling,shrub,281-282,8:24,1,2,,,,
168,5/2/2019,6:25,8:25,,,Hummingbird,Flying,shrub,283-291,8:25,1,2,,,,
169,5/2/2019,8:36,10:36,34.77857,-115.66254,Say's Phoebe,Flying Between Plants,shrub,292-310,8:44,2,1,,,,
170,5/2/2019,8:36,10:36,34.77851,-115.66257,Hummingbird,Flying,shrub,,8:44,2,1,,,,
171,5/2/2019,8:36,10:36,34.77926,-115.66274,Ash-throated Flycatcher,Sparring,cactus canopy,311-312,8:52,1,1,,,,
172,5/2/2019,8:36,10:36,34.77926,-115.66274,Ash-throated Flycatcher,Sparring,cactus canopy,311-312,8:52,1,1,,,,
173,5/2/2019,8:36,10:36,,,Black-throated Sparrow,Singing,no visual,,8:56,3,1,,,,
174,5/2/2019,8:36,10:36,,,Ash-throated Flycatcher,Calling,no visual,,9:00,2,1,,,,
175,5/2/2019,8:36,10:36,,,Ash-throated Flycatcher,Calling,no visual,,9:00,2,1,,,,
176,5/2/2019,8:36,10:36,,,Common Raven,Calling,no visual,,9:01,3,1,,,,
177,5/2/2019,8:36,10:36,34.78047,-115.66291,Say's Phoebe,Calling,cactus canopy,,9:08,1,1,,,,
178,5/2/2019,8:36,10:36,34.78044,-115.66278,Say's Phoebe,Sitting on Plant,cactus canopy,,9:07,1,1,,,,
179,5/2/2019,8:36,10:36,34.78105,-115.66305,Say's Phoebe,Calling,shrub,,9:14,2,1,,,,
180,5/2/2019,8:36,10:36,34.78105,-115.66305,Say's Phoebe,Sitting on Plant,shrub,,9:14,2,1,,,,
181,5/2/2019,8:36,10:36,34.78146,-115.66277,Rock Wren,Standing on Ground,rock,,9:19,1,1,,,,
182,5/2/2019,8:36,10:36,34.78161,-115.66263,Rock Wren,Flying,rock,,9:26,1,1,,,,
183,5/2/2019,8:36,10:36,34.78159,-115.66264,Northern Mockingbird,Flying,air,,9:23,1,1,,,,
184,5/2/2019,8:36,10:36,34.7821,-115.66239,Phainopepla,Singing,shrub,331-337,9:30,2,1,,,,
185,5/2/2019,8:36,10:36,,,Hummingbird,Singing,no visual,,9:32,1,1,,,,
186,5/2/2019,8:36,10:36,,,Mourning Dove,Calling,air,,9:33,1,1,,,,
187,5/2/2019,8:36,10:36,,,Phainopepla,Singing,no visual,,9:36,3,1,,,,
188,5/2/2019,8:36,10:36,,,Black-throated Sparrow,Calling,no visual,,9:39,3,1,,,,
189,5/2/2019,8:36,10:36,,,Blue-gray Gnatcatcher,Calling,no visual,,9:41,3,1,,,,
190,5/2/2019,8:36,10:36,34.77288,-115.6626,Ash-throated Flycatcher,Singing,air,,9:43,1,1,,,,
191,5/2/2019,8:36,10:36,,,House finch,Calling,no visual,,9:46,2,1,,,,
192,5/2/2019,8:36,10:36,34.78212,-115.66229,Anna's Hummingbird,Flying Between Plants,,338-356,9:48,2,1,,,,
193,5/2/2019,8:36,10:36,34.78211,-115.66255,Northern Mockingbird,Sparring,,357-372,9:53,1,1,,,,
194,5/2/2019,8:36,10:36,34.78211,-115.66255,Phainopepla,Sparring,no visual,,9:53,1,1,,,,
195,5/2/2019,8:36,10:36,34.78224,-115.66245,Anna's Hummingbird,Sitting on Plant,shrub,373-380,10:00,1,1,,,,
196,5/2/2019,8:36,10:36,34.78223,-115.66261,Black-throated Sparrow,Flying Between Plants,shrub,,10:00,1,1,,,,
197,5/2/2019,8:36,10:36,,,Mourning Dove,Singing,no visual,,10:01,3,1,,,,
198,5/2/2019,8:36,10:36,34.7827,-115.66242,Rock Wren,Flying,rock,,10:09,1,1,,,,
199,5/2/2019,8:36,10:36,,,Black-tailed Gnatcatcher,Singing,no visual,,10:09,3,1,,,,
200,5/2/2019,8:36,10:36,34.78292,-115.66232,Black-throated Sparrow,Calling,rock,,10:14,1,1,,,,
201,5/2/2019,8:36,10:36,34.78292,-115.66232,Black-throated Sparrow,Calling,rock,,10:14,1,1,,,,
202,5/2/2019,8:36,10:36,,,House finch,Singing,no visual,,10:18,3,1,,,,
203,5/2/2019,8:36,10:36,,,Costa's Hummingbird,Foraging,cactus canopy,381-411,10:18,2,1,,,,
204,5/2/2019,10:43,12:43,,,Northern Mockingbird,Singing,no visual,,10:48,3,2,,,,
205,5/2/2019,10:43,12:43,34.78267,-115.66302,Black-throated Sparrow,Flying,air,,10:49,2,2,,,,
206,5/2/2019,10:43,12:43,,,Black-throated Sparrow,Calling,no visual,,10:50,3,2,,,,
207,5/2/2019,10:43,12:43,,,Phainopepla,Calling,no visual,,10:52,3,2,,,,
208,5/2/2019,10:43,12:43,,,Blue-gray Gnatcatcher,Singing,no visual,,10:53,3,2,,,,
209,5/2/2019,10:43,12:43,,,Blue-gray Gnatcatcher,Singing,no visual,,10:53,3,2,,,,
210,5/2/2019,10:43,12:43,34.78267,-115.66292,Black-throated Sparrow,Flying Between Plants,air,,10:55,2,2,,,,
211,5/2/2019,10:43,12:43,34.78254,-115.66293,Blue-gray Gnatcatcher,Flying Between Plants,cactus canopy,,10:53,2,2,,,,
212,5/2/2019,10:43,12:43,34.78269,-115.66301,Black-tailed Gnatcatcher,Carrying Nest Materials,shrub,,10:58,2,2,,,,
213,5/2/2019,10:43,12:43,34.78251,-115.6629,Northern Mockingbird,Flying Between Plants,cactus canopy,,11:01,2,2,,,,
214,5/2/2019,10:43,12:43,34.78239,-115.66283,Northern Mockingbird,Singing,cactus canopy,,11:01,2,2,,,,
215,5/2/2019,10:43,12:43,,,Phainopepla,Singing,shrub,429-442,11:06,3,2,,,,
216,5/2/2019,10:43,12:43,34.78245,-115.66336,Costa's Hummingbird,Sitting on Plant,shrub,443-527,11:11,1,2,,,,
217,5/2/2019,10:43,12:43,,,Blue-gray Gnatcatcher,Singing,no visual,,11:15,2,2,,,,
218,5/2/2019,10:43,12:43,,,Black-throated Sparrow,Singing,no visual,,11:15,3,2,,,,
219,5/2/2019,10:43,12:43,34.7821,-115.66343,Green-tailed Towhee,Sitting on Plant,shrub,528-543,11:19,1,2,,,,
220,5/2/2019,10:43,12:43,34.7821,-115.66343,Green-tailed Towhee,Sitting on Plant,shrub,528-543,11:19,1,2,,,,
221,5/2/2019,10:43,12:43,,,Canyon Wren,Singing,no visual,,11:20,3,2,,,,
222,5/2/2019,10:43,12:43,34.78191,-115.66333,Blue-gray Gnatcatcher,Calling,shrub,544-549,11:24,2,2,,,,
223,5/2/2019,10:43,12:43,34.78191,-115.66333,Blue-gray Gnatcatcher,Calling,shrub,544-549,11:24,2,2,,,,
224,5/2/2019,10:43,12:43,34.78191,-115.66333,Blue-gray Gnatcatcher,Calling,shrub,544-549,11:24,2,2,,,,
225,5/2/2019,10:43,12:43,34.78191,-115.66333,Blue-gray Gnatcatcher,Calling,shrub,544-549,11:24,2,2,,,,
226,5/2/2019,10:43,12:43,34.78191,-115.66333,Blue-gray Gnatcatcher,Calling,shrub,544-549,11:24,2,2,,,,
227,5/2/2019,10:43,12:43,,,Common Raven,Calling,no visual,,11:33,3,2,,,,
228,5/2/2019,10:43,12:43,,,Phainopepla,Calling,no visual,,11:35,2,2,,,,
229,5/2/2019,10:43,12:43,,,Common Raven,Calling,no visual,,11:40,3,2,,,,
230,5/2/2019,10:43,12:43,,,Canyon Wren,Singing,no visual,,11:41,3,2,,,,
231,5/2/2019,10:43,12:43,34.78047,-115.66344,Black-throated Sparrow,Calling,shrub,561-566,11:47,1,2,,,,
232,5/2/2019,10:43,12:43,34.78047,-115.66344,Black-throated Sparrow,Calling,shrub,561-566,11:47,1,2,,,,
233,5/2/2019,10:43,12:43,34.78032,-115.66351,Mourning Dove,Calling,cactus canopy,,11:49,1,2,,,,
234,5/2/2019,10:43,12:43,,,Black-throated Sparrow,Singing,no visual,,12:00,2,2,,,,
235,5/2/2019,10:43,12:43,34.77909,-115.66425,Black-throated Sparrow,Flying on Plant,shrub,,12:05,2,2,,,,
236,5/2/2019,10:43,12:43,34.77909,-115.66425,Black-throated Sparrow,Flying on Plant,shrub,,12:05,2,2,,,,
237,5/2/2019,14:30,16:30,34.78297,-115.66238,Blue-gray Gnatcatcher,Singing,shrub,567-573,14:30,1,1,,,,
238,5/2/2019,14:30,16:30,,,Hummingbird,Singing,air,,14:33,2,1,,,,
239,5/2/2019,14:30,16:30,,,Mourning Dove,Singing,no visual,,14:35,3,1,,,,
240,5/2/2019,14:30,16:30,,,Ash-throated Flycatcher,Calling,no visual,,14:36,3,1,,,,
241,5/2/2019,14:30,16:30,,,Phainopepla,Calling,air,,14:38,1,1,,,,
242,5/2/2019,14:30,16:30,34.78216,-115.66238,Phainopepla,Singing,shrub,,14:40,1,1,,,,
243,5/2/2019,14:30,16:30,,,Hummingbird,Singing,no visual,,14:42,1,1,,,,
244,5/2/2019,14:30,16:30,,,Black-throated Sparrow,Flying,air,,14:42,1,1,,,,
245,5/2/2019,14:30,16:30,,,Phainopepla,Singing,no visual,,14:49,2,1,,,,
246,5/2/2019,14:30,16:30,34.78173,-115.66222,Black-throated Sparrow,Flying,air,,14:51,1,1,,,,
247,5/2/2019,14:30,16:30,34.78168,-115.66232,Northern Mockingbird,Sparring,shrub,,14:55,1,1,,,,
248,5/2/2019,14:30,16:30,34.78153,-115.66277,Rock Wren,Standing on Ground,rock,575-594,15:00,1,1,,,,
250,5/2/2019,14:30,16:30,,,Mourning Dove,Singing,no visual,,15:01,3,1,,,,
251,5/2/2019,14:30,16:30,,,Black-throated Sparrow,Calling,no visual,,15:06,1,1,,,,
252,5/2/2019,14:30,16:30,34.78026,-115.66292,Unknown,Flying Between Plants,cactus canopy,595-599,15:17,1,1,,,,
253,5/2/2019,14:30,16:30,34.78027,-115.66291,Hummingbird,Flying,air,,15:19,1,1,,,,
254,5/2/2019,14:30,16:30,,,Black-throated Sparrow,Singing,no visual,,15:34,1,1,,,,
255,5/2/2019,14:30,16:30,,,Black-throated Sparrow,Singing,no visual,,15:34,1,1,,,,
256,5/2/2019,14:30,16:30,34.7793,-115.66295,Black-throated Sparrow,Flying Between Plants,shrub,,15:39,1,1,,,,
257,5/2/2019,14:30,16:30,,,Black-throated Sparrow,Calling,no visual,,15:44,2,1,,,,
258,5/2/2019,14:30,16:30,,,Black-throated Sparrow,Singing,no visual,,16:17,3,1,,,,
259,5/3/2019,6:15,8:15,,,Blue-gray Gnatcatcher,Singing,no visual,,6:15,2,2,,,,
260,5/3/2019,6:15,8:15,,,Mourning Dove,Calling,no visual,,6:16,3,2,,,,
261,5/3/2019,6:15,8:15,,,House Finch,Singing,no visual,,6:16,2,2,,,,
262,5/3/2019,6:15,8:15,,,Black-throated Sparrow,Singing,no visual,,6:16,2,2,,,,
263,5/3/2019,6:15,8:15,,,Phainopepla,Singing,no visual,,6:20,3,2,,,,
264,5/3/2019,6:15,8:15,34.78293,-115.66306,House Finch,Flying,rock,4-Jan,6:18,1,2,,,,
265,5/3/2019,6:15,8:15,34.78293,-115.66306,House Finch,Flying,rock,4-Jan,6:18,1,2,,,,
266,5/3/2019,6:15,8:15,34.78297,-115.66343,White-throated Swift,Flying,air,7-May,6:27,2,2,,,,
267,5/3/2019,6:15,8:15,34.78297,-115.66343,White-throated Swift,Flying,air,7-May,6:27,2,2,,,,
268,5/3/2019,6:15,8:15,,,Phainopepla,Singing,no visual,,6:32,3,2,,,,
269,5/3/2019,6:15,8:15,34.78265,-115.663,Blue-gray Gnatcatcher,Sparring,shrub,,6:36,1,2,,,,
270,5/3/2019,6:15,8:15,34.78265,-115.663,Blue-gray Gnatcatcher,Sparring,shrub,,6:36,1,2,,,,
271,5/3/2019,6:15,8:15,34.78265,-115.663,Blue-gray Gnatcatcher,Sparring,shrub,,6:36,1,2,,,,
272,5/3/2019,6:15,8:15,,,Canyon Wren,Singing,no visual,,6:37,3,2,,,,
273,5/3/2019,6:15,8:15,,,Black-throated Sparrow,Calling,no visual,,6:44,2,2,,,,
274,5/3/2019,6:15,8:15,,,Black-throated Sparrow,Calling,no visual,,6:44,2,2,,,,
275,5/3/2019,6:15,8:15,,,Phainopepla,Singing,no visual,,6:47,3,2,,,,
276,5/3/2019,6:15,8:15,,,Phainopepla,Singing,no visual,,6:47,3,2,,,,
277,5/3/2019,6:15,8:15,,,Mourning Dove,Singing,no visual,,6:47,3,2,,,,
278,5/3/2019,6:15,8:15,,,House Finch,Singing,no visual,,6:47,2,2,,,,
279,5/3/2019,6:15,8:15,,,House Finch,Singing,no visual,,6:47,2,2,,,,
280,5/3/2019,6:15,8:15,,,Phainopepla,Singing,no visual,,6:49,2,2,,,,
281,5/3/2019,6:15,8:15,,,Phainopepla,Calling,no visual,,6:49,3,2,,,,
282,5/3/2019,6:15,8:15,,,Rock Wren,Singing,no visual,,6:49,2,2,,,,
283,5/3/2019,6:15,8:15,34.78238,-115.66337,Costa's Hummingbird,Sitting on Plant,shrub,,6:53,1,2,,,,
284,5/3/2019,6:15,8:15,,,Black-throated Sparrow,Singing,no visual,,6:53,2,2,,,,
285,5/3/2019,6:15,8:15,,,Northern Mockingbird,Singing,no visual,,6:53,2,2,,,,
286,5/3/2019,6:15,8:15,,,Black-throated Sparrow,Singing,no visual,,6:53,2,2,,,,
287,5/3/2019,6:15,8:15,,,Phainopepla,Calling,no visual,,6:57,3,2,,,,
288,5/3/2019,6:15,8:15,,,Black-throated Sparrow,Singing,no visual,,6:58,3,2,,,,
289,5/3/2019,6:15,8:15,,,Black-throated Sparrow,Singing,no visual,,6:58,3,2,,,,
290,5/3/2019,6:15,8:15,,,Black-throated Sparrow,Singing,no visual,,6:58,3,2,,,,
291,5/3/2019,6:15,8:15,34.78128,-115.66327,Black-throated Sparrow,Flying Between Plants,,,7:10,2,2,,,,
292,5/3/2019,6:15,8:15,34.78136,-115.66323,Ash-throated Flycatcher,Calling,shrub,10-Aug,7:10,2,2,,,,
293,5/3/2019,6:15,8:15,34.78117,-115.66361,MacGillivray's Warbler,Flying on Plant,shrub,25-Nov,7:18,1,2,,,,
294,5/3/2019,6:15,8:15,34.7811,-115.66344,Black-throated Sparrow,Calling,shrub,,7:19,2,2,,,,
295,5/3/2019,6:15,8:15,34.7811,-115.66344,Black-throated Sparrow,Calling,shrub,,7:19,2,2,,,,
296,5/3/2019,6:15,8:15,34.7811,-115.66344,Black-throated Sparrow,Calling,shrub,,7:19,2,2,,,,
297,5/3/2019,6:15,8:15,34.7811,-115.66344,Black-throated Sparrow,Calling,shrub,,7:19,2,2,,,,
298,5/3/2019,6:15,8:15,34.7808,-115.66372,Anna's Hummingbird,Foraging,shrub,,7:29,1,2,,,,
299,5/3/2019,6:15,8:15,34.78063,-115.66381,Wilson's Warbler,Flying on Plant,shrub,28-30,7:34,1,2,,,,
300,5/3/2019,6:15,8:15,34.78037,-115.66383,Ash-throated Flycatcher,Singing,shrub,31-44,7:44,1,2,,,,
301,5/3/2019,6:15,8:15,,,Black-throated Sparrow,Singing,no visual,,7:47,3,2,,,,
302,5/3/2019,6:15,8:15,,,Black-throated Sparrow,Singing,no visual,,7:47,3,2,,,,
303,5/3/2019,6:15,8:15,34.77939,-115.66393,Ash-throated Flycatcher,Sitting on Plant,shrub,45-50,7:53,1,2,,,,
304,5/3/2019,6:15,8:15,,,Northern Mockingbird,Singing,no visual,,7:54,3,2,,,,
305,5/3/2019,6:15,8:15,34.77973,-115.66381,Blue-gray Gnatcatcher,Singing,shrub,51-64,8:01,1,2,,,,
306,5/3/2019,6:15,8:15,34.77963,-115.66389,Mourning Dove,Sitting on Plant,shrub,,8:04,1,2,,,,
307,5/3/2019,6:15,8:15,34.77908,-115.66423,Black-throated Sparrow,Calling,shrub,,8:14,1,2,,,,
308,5/3/2019,6:15,8:15,34.77868,-115.66409,Black-throated Sparrow,Calling,shrub,,8:15,1,2,,,,
309,5/3/2019,6:15,8:15,34.77868,-115.66409,Black-throated Sparrow,Calling,shrub,,8:15,1,2,,,,
310,5/3/2019,8:20,10:20,,,Mourning Dove,Calling,no visual,,8:27,3,1,,,,
311,5/3/2019,8:20,10:20,34.78019,-115.66294,Hummingbird,Flying,air,,8:37,1,1,,,,
312,5/3/2019,8:20,10:20,,,Northern Mockingbird,Singing,no visual,,8:38,3,1,,,,
313,5/3/2019,8:20,10:20,,,Canyon Wren,Singing,no visual,,8:42,3,1,,,,
314,5/3/2019,8:20,10:20,34.78057,-115.66298,Black-throated Sparrow,Singing,cactus canopy,67,8:45,1,1,,,,
315,5/3/2019,8:20,10:20,34.78067,-115.66293,Black-throated Sparrow,Calling,cactus canopy,68-70,8:45,1,1,,,,
316,5/3/2019,8:20,10:20,34.78067,-115.66293,Black-throated Sparrow,Calling,cactus canopy,71-74,8:46,1,1,,,,
317,5/3/2019,8:20,10:20,34.78076,-115.66298,Wilson's Warbler,Foraging,shrub,75 90-92,8:47,1,1,,,,
318,5/3/2019,8:20,10:20,34.78061,-115.6628,Gambel's Quail,Singing,cactus canopy,79-89,8:55,1,1,,,,
319,5/3/2019,8:20,10:20,34.78045,-115.66286,Northern Mockingbird,Singing,cactus canopy,,8:55,1,1,,,,
320,5/3/2019,8:20,10:20,34.78104,-115.66248,Northern Mockingbird,Flying,cactus canopy,,9:05,1,1,,,,
321,5/3/2019,8:20,10:20,34.78104,-115.66243,Mourning Dove,Calling,air,,9:11,1,1,,,,
322,5/3/2019,8:20,10:20,34.78104,-115.66243,Mourning Dove,Calling,air,,9:11,1,1,,,,
333,5/3/2019,8:20,10:20,,,Phainopepla,Singing,no visual,,9:22,3,1,,,,
334,5/3/2019,8:20,10:20,34.78173,-115.66247,Rock Wren,Flying,air,,9:24,1,1,,,,
335,5/3/2019,8:20,10:20,34.78175,-115.66249,Northern Mockingbird,Carrying Nest Materials,rock,93-95,9:28,1,1,,,,
336,5/3/2019,8:20,10:20,34.78173,-115.66251,Rock Wren,Singing,rock,,9:36,1,1,,,,
337,5/3/2019,8:20,10:20,34.78209,-115.66203,Phainopepla,Singing,shrub,,9:50,3,1,,,,
338,5/3/2019,8:20,10:20,34.78166,-115.66257,Rock Wren,Carrying Nest Materials,rock,,9:52,1,1,,,,
339,5/3/2019,8:20,10:20,34.78209,-115.66263,Phainopepla,Singing,shrub,,9:55,1,1,,,,
340,5/3/2019,8:20,10:20,34.78204,-115.66219,Black-throated Sparrow,Flying,shrub,,9:56,2,1,,,,
341,5/3/2019,8:20,10:20,34.78204,-115.66219,Black-throated Sparrow,Flying,cactus canopy,,9:56,2,1,,,,
342,5/3/2019,8:20,10:20,,,Common Raven,Calling,no visual,,10:01,3,1,,,,
343,5/3/2019,8:20,10:20,34.78242,-115.66232,Anna's Hummingbird,Sitting on Plant,cactus canopy,97-109,10:06,2,1,,,,
344,5/3/2019,8:20,10:20,34.78243,-115.66231,Verdin,Calling,shrub,110-133,10:11,2,1,,,,
345,5/3/2019,8:20,10:20,34.78243,-115.66231,Verdin,Calling,shrub,110-133,10:11,2,1,,,,
346,5/3/2019,8:20,10:20,34.78243,-115.66231,Verdin,Calling,shrub,110-133,10:11,2,1,,,,
347,5/3/2019,8:20,10:20,34.78243,-115.66231,Verdin,Calling,shrub,110-133,10:11,2,1,,,,
348,5/3/2019,16:30,18:30,34.78301,-115.66323,Black-tailed Gnatcatcher,Carrying Nest Materials,rock,1,16:33,1,2,,,,
349,5/3/2019,16:30,18:30,34.78275,-115.66317,Black-tailed Gnatcatcher,Calling,shrub,,16:34,1,2,,,,
350,5/3/2019,16:30,18:30,34.78275,-115.66317,Black-tailed Gnatcatcher,Calling,shrub,,16:34,1,2,,,,
351,5/3/2019,16:30,18:30,34.78269,-115.66326,Black-throated Sparrow,Calling,cactus canopy,,16:35,1,2,,,,
352,5/3/2019,16:30,18:30,34.78269,-115.66326,Black-throated Sparrow,Calling,cactus canopy,,16:35,1,2,,,,
353,5/3/2019,16:30,18:30,34.78294,-115.66331,Rock Wren,Standing on Ground,rock,,16:35,1,2,,,,
354,5/3/2019,16:30,18:30,,,Blue-gray Gnatcatcher,Singing,no visual,,16:41,1,2,,,,
355,5/3/2019,16:30,18:30,34.78295,-115.6633,Black-tailed Gnatcatcher,Standing on Ground,rock,20-Feb,16:45,1,2,,,,
356,5/3/2019,16:30,18:30,34.78295,-115.6633,Black-tailed Gnatcatcher,Standing on Ground,rock,20-Feb,16:45,1,2,,,,
357,5/3/2019,16:30,18:30,34.78295,-115.6633,Black-tailed Gnatcatcher,Standing on Ground,rock,20-Feb,16:45,1,2,,,,
358,5/3/2019,16:30,18:30,34.78284,-115.66321,Black-tailed Gnatcatcher,Copulating,shrub,21-29,16:50,1,2,,,,
359,5/3/2019,16:30,18:30,34.78284,-115.66321,Black-tailed Gnatcatcher,Copulating,shrub,21-29,16:50,1,2,,,,
360,5/3/2019,16:30,18:30,,,Black-tailed Gnatcatcher,Singing,shrub,30-34,17:15,1,2,,,,
361,5/3/2019,16:30,18:30,34.78176,-115.6635,Anna's Hummingbird,Flying,air,,17:20,1,2,,,,
362,5/3/2019,16:30,18:30,34.78169,-115.66354,Black-throated Sparrow,Flying on Plant,shrub,,17:20,1,2,,,,
363,5/3/2019,16:30,18:30,34.78173,-115.66363,Black-throated Sparrow,Copulating,shrub,,17:20,1,2,,,,
364,5/3/2019,16:30,18:30,34.78173,-115.66363,Black-throated Sparrow,Copulating,shrub,,17:20,1,2,,,,
365,5/3/2019,16:30,18:30,34.78123,-115.6636,Black-throated Sparrow,Calling,shrub,,17:29,1,2,,,,
366,5/3/2019,16:30,18:30,34.78116,-115.6635,Black-throated Sparrow,Calling,shrub,34-37,17:29,1,2,,,,
367,5/3/2019,16:30,18:30,,,Ash-throated Flycatcher,Singing,no visual,,17:30,2,2,,,,
368,5/3/2019,16:30,18:30,34.77973,-115.66374,Mourning Dove,Calling,,,17:40,1,2,,,,
369,5/3/2019,16:30,18:30,,,Mourning Dove,Singing,no visual,,17:40,3,2,,,,
370,5/3/2019,16:30,18:30,34.7797,-115.66377,Wilson's Warbler,Flying on Plant,shrub,38-43,17:45,1,2,,,,
371,5/3/2019,16:30,18:30,34.77952,-115.66408,Black-throated Sparrow,Standing on Ground,grass,,17:49,1,2,,,,
372,5/3/2019,16:30,18:30,,,Black-throated Sparrow,Singing,no visual,,17:51,3,2,,,,
373,5/3/2019,16:30,18:30,34.77872,-115.66373,Ash-throated Flycatcher,Copulating,shrub,,17:57,2,2,,,,
374,5/3/2019,16:30,18:30,34.77872,-115.66373,Ash-throated Flycatcher,Copulating,shrub,,17:57,2,2,,,,
375,5/3/2019,16:30,18:30,,,House Finch,Singing,no visual,,18:15,3,2,,,,
376,5/4/2019,6:15,8:15,,,Black-tailed Gnatcatcher,Singing,no visual,,6:15,3,1,,,,
377,5/4/2019,6:15,8:15,,,Phainopepla,Calling,no visual,,6:18,3,1,,,,
378,5/4/2019,6:15,8:15,,,Phainopepla,Calling,no visual,,6:18,3,1,,,,
379,5/4/2019,6:15,8:15,34.78249,-115.66252,Phainopepla,Flying,air,,6:25,1,1,,,,
380,5/4/2019,6:15,8:15,34.78277,-115.66253,Blue-gray Gnatcatcher,Singing,shrub,3-Jan,6:28,1,1,,,,
381,5/4/2019,6:15,8:15,34.78231,-115.66248,Phainopepla,Calling,cactus canopy,,6:35,1,1,,,,
382,5/4/2019,6:15,8:15,34.78232,-115.66257,Anna's Hummingbird,Foraging,cactus canopy,,6:37,1,1,,,,
383,5/4/2019,6:15,8:15,,,Rock Wren,Singing,no visual,,6:37,2,1,,,,
384,5/4/2019,6:15,8:15,34.78243,-115.66229,Phainopepla,Calling,shrub,,6:42,1,1,,,,
385,5/4/2019,6:15,8:15,34.78243,-115.66229,Phainopepla,Calling,shrub,,6:42,1,1,,,,
386,5/4/2019,6:15,8:15,34.78243,-115.66229,Phainopepla,Sparring,shrub,,6:42,1,1,,,,
387,5/4/2019,6:15,8:15,,,Northern Mockingbird,Singing,rock,,6:50,2,1,,,,
388,5/4/2019,6:15,8:15,,,Black-throated Sparrow,Calling,no visual,,6:50,2,1,,,,
389,5/4/2019,6:15,8:15,,,Mourning Dove,Singing,no visual,,6:51,3,1,,,,
390,5/4/2019,6:15,8:15,,,Phainopepla,Singing,no visual,,6:51,2,1,,,,
391,5/4/2019,6:15,8:15,,,Rock Wren,Singing,rock,,6:55,2,1,,,,
392,5/4/2019,6:15,8:15,,,Rock Wren,Singing,rock,,6:55,3,1,,,,
393,5/4/2019,6:15,8:15,,,Blue-gray Gnatcatcher,Singing,no visual,,6:55,2,1,,,,
394,5/4/2019,6:15,8:15,,,Black-tailed Gnatcatcher,Singing,no visual,,6:55,2,1,,,,
395,5/4/2019,6:15,8:15,,,Black-throated Sparrow,Calling,no visual,,6:59,1,1,,,,
396,5/4/2019,6:15,8:15,34.7817,-115.66251,Rock Wren,Flying,rock,,7:04,1,1,,,,
397,5/4/2019,6:15,8:15,,,Canyon Wren,Singing,no visual,,7:05,3,1,,,,
398,5/4/2019,6:15,8:15,34.78173,-115.6625,Black-headed Grosbeak,Flying,air,,7:07,1,1,,,,
399,5/4/2019,6:15,8:15,,,Black-throated Sparrow,Singing,no visual,,7:11,2,1,,,,
400,5/4/2019,6:15,8:15,,,House Finch,Singing,no visual,,7:12,2,1,,,,
401,5/4/2019,6:15,8:15,,,Black-tailed Gnatcatcher,Singing,no visual,,7:13,3,1,,,,
402,5/4/2019,6:15,8:15,,,Gambel's Quail,Singing,no visual,,7:22,2,1,,,,
403,5/4/2019,6:15,8:15,,,Gambel's Quail,Singing,no visual,,7:22,2,1,,,,
404,5/4/2019,6:15,8:15,34.78126,-115.66259,Gambel's Quail,Singing,cactus canopy,Apr-36,7:35,1,1,,,,
405,5/4/2019,6:15,8:15,34.78124,-115.66258,Ash-throated Flycatcher,Sitting on Plant,cactus canopy,37-39,7:36,1,1,,,,
406,5/4/2019,6:15,8:15,,,Northern Mockingbird,Singing,no visual,,7:41,1,1,,,,
407,5/4/2019,6:15,8:15,34.78095,-115.66301,Black-throated Sparrow,Calling,cactus canopy,,7:47,1,1,,,,
408,5/4/2019,6:15,8:15,34.78124,-115.66314,Black-throated Sparrow,Calling,cactus canopy,,7:50,1,1,,,,
409,5/4/2019,6:15,8:15,34.78124,-115.66314,Black-throated Sparrow,Calling,cactus canopy,,7:50,1,2,,,,
410,5/4/2019,6:15,8:15,34.78124,-115.66314,Black-throated Sparrow,Calling,cactus canopy,,7:50,1,2,,,,
411,5/4/2019,6:15,8:15,34.78124,-115.66314,Black-throated Sparrow,Calling,cactus canopy,,7:50,1,2,,,,
412,5/4/2019,6:15,8:15,34.78124,-115.66314,Black-throated Sparrow,Calling,cactus canopy,,7:50,1,2,,,,
413,5/4/2019,6:15,8:15,34.78124,-115.66314,Black-throated Sparrow,Calling,cactus canopy,,7:50,1,2,,,,
414,5/4/2019,8:15,10:15,,,Black-throated Sparrow,Singing,no visual,,8:15,3,2,,,,
415,5/4/2019,8:15,10:15,,,Black-throated Sparrow,Singing,no visual,,8:15,3,2,,,,
416,5/4/2019,8:15,10:15,,,Ash-throated Flycatcher,Singing,no visual,,8:15,3,2,,,,
417,5/4/2019,8:15,10:15,34.77866,-115.66405,Anna's Hummingbird,Foraging,,40-52,8:17,1,2,,,,
418,5/4/2019,8:15,10:15,34.77879,-115.66437,Blue-gray Gnatcatcher,Singing,shrub,,8:24,2,2,,,,
419,5/4/2019,8:15,10:15,,,Black-throated Sparrow,Singing,no visual,,8:25,3,2,,,,
420,5/4/2019,8:15,10:15,,,Black-throated Sparrow,Singing,no visual,,8:30,3,2,,,,
421,5/4/2019,8:15,10:15,,,Black-throated Sparrow,Singing,no visual,,8:30,3,2,,,,
422,5/4/2019,8:15,10:15,,,Ash-throated Flycatcher,Singing,no visual,,8:45,2,2,,,,
423,5/4/2019,8:15,10:15,34.78098,-115.6637,Black-throated Sparrow,Calling,shrub,,8:47,1,2,,,,
424,5/4/2019,8:15,10:15,34.78098,-115.6637,Black-throated Sparrow,Flying on Plant,shrub,,8:47,1,2,,,,
425,5/4/2019,8:15,10:15,34.78136,-115.66362,Say's Phoebe,Singing,shrub,104-116,9:03,1,2,,,,
426,5/4/2019,8:15,10:15,34.78143,-115.66335,Rock Wren,Singing,rock,,9:05,2,2,,,,
427,5/4/2019,8:15,10:15,,,Mourning Dove,Flying,no visual,,9:07,1,2,,,,
428,5/4/2019,8:15,10:15,34.78145,-115.66335,Ash-throated Flycatcher,Flying,rock,,9:10,2,2,,,,
429,5/4/2019,8:15,10:15,34.78146,-115.66335,Northern Mockingbird,Singing,air,,9:10,2,2,,,,
430,5/4/2019,8:15,10:15,,,Common Raven,Calling,no visual,,9:12,3,2,,,,
431,5/4/2019,8:15,10:15,34.78157,-115.66356,Black-throated Sparrow,Calling,shrub,,9:15,1,2,,,,
432,5/4/2019,8:15,10:15,34.78157,-115.66356,Black-throated Sparrow,Calling,shrub,,9:15,1,2,,,,
433,5/4/2019,8:15,10:15,34.78135,-115.6636,Black-throated Sparrow,Singing,shrub,,9:35,1,2,,,,
434,5/4/2019,8:15,10:15,34.78135,-115.6636,Black-throated Sparrow,Singing,shrub,,9:35,1,2,,,,
435,5/4/2019,8:15,10:15,34.78135,-115.6636,Black-throated Sparrow,Singing,shrub,,9:35,1,2,,,,
436,5/4/2019,8:15,10:15,34.78193,-115.66339,Rock Wren,Flying,air,,9:45,1,2,,,,
437,5/4/2019,8:15,10:15,34.78198,-115.66322,Blue-gray Gnatcatcher,Calling,shrub,,9:46,2,2,,,,
438,5/4/2019,8:15,10:15,34.78198,-115.66322,Blue-gray Gnatcatcher,Calling,shrub,,9:46,2,2,,,,
439,5/4/2019,8:15,10:15,34.78245,-115.66328,Black-throated Sparrow,Calling,gravel,,9:55,1,2,,,,
440,5/4/2019,8:15,10:15,34.78245,-115.66328,Black-throated Sparrow,Calling,gravel,,9:55,1,2,,,,
441,5/4/2019,8:15,10:15,,,Phainopepla,Flying,rock,,9:57,3,2,,,,
442,5/4/2019,8:15,10:15,,,Black-throated Sparrow,Calling,no visual,,9:57,3,2,,,,
443,5/4/2019,8:15,10:15,,,Phainopepla,Flying,air,,10:00,3,2,,,,
444,5/4/2019,8:15,10:15,,,Hummingbird,Sparring,air,,10:00,3,2,,,,
445,5/4/2019,8:15,10:15,,,House Finch,Singing,no visual,,10:06,3,2,,,,
446,5/5/2019,16:05,18:05,,,Mourning Dove,Singing,no visual,,16:08,3,1,,,,
447,5/5/2019,16:05,18:05,,,Phainopepla,Singing,no visual,,16:13,3,1,,,,
448,5/5/2019,16:05,18:05,,,Blue-gray Gnatcatcher,Singing,no visual,,16:17,3,1,,,,
449,5/5/2019,16:05,18:05,,,Rock Wren,Singing,no visual,,16:17,3,1,,,,
450,5/5/2019,16:05,18:05,34.78167,-115.6627,Rock Wren,Calling,rock,,16:21,1,1,,,,
451,5/5/2019,16:05,18:05,34.78171,-115.6625,Rock Wren,Flying,air,,16:25,1,1,,,,
452,5/5/2019,16:05,18:05,,,Black-tailed Gnatcatcher,Singing,no visual,,16:30,3,1,,,,
453,5/5/2019,16:05,18:05,34.7812,-115.66254,Blue-gray Gnatcatcher,Sitting on Plant,cactus canopy,7,16:31,1,1,,,,
454,5/5/2019,16:05,18:05,34.7812,-115.66258,Northern Mockingbird,Sitting on Plant,cactus canopy,6-Jan,16:31,1,1,,,,
455,5/5/2019,16:05,18:05,,,Black-throated Sparrow,Calling,no visual,,16:37,2,1,,,,
456,5/5/2019,16:05,18:05,,,Black-throated Sparrow,Calling,no visual,,16:43,3,1,,,,
457,5/5/2019,16:05,18:05,,,Cactus Wren,Flying,no visual,,16:53,1,1,,,,
458,5/5/2019,16:05,18:05,,,Black-tailed Gnatcatcher,Sparring,no visual,,17:00,2,1,,,,
459,5/5/2019,16:05,18:05,,,Black-tailed Gnatcatcher,Sparring,no visual,,17:00,2,1,,,,
460,5/5/2019,16:05,18:05,,,Black-tailed Gnatcatcher,Singing,no visual,,17:05,2,1,,,,
461,5/5/2019,16:05,18:05,34.78091,-115.66267,Mourning Dove,Flying,air,,17:07,1,1,,,,
462,5/5/2019,16:05,18:05,34.77967,-115.66264,Black-throated Sparrow,Flying,air,,17:27,2,1,,,,
463,5/5/2019,16:05,18:05,,,Black-throated Sparrow,Calling,no visual,,17:28,2,1,,,,
464,5/5/2019,16:05,18:05,,,Ash-throated Flycatcher,Flying,air,,17:39,1,1,,,,
465,5/5/2019,16:05,18:05,34.77846,-115.66301,Say's Phoebe,Sitting on Plant,shrub,,17:41,1,1,,,,
466,5/5/2019,16:05,18:05,,,Black-throated Sparrow,Calling,no visual,,17:54,3,1,,,,
467,5/5/2019,18:05,20:05,,,Black-throated Sparrow,Singing,no visual,,18:05,3,2,,,,
468,5/5/2019,18:05,20:05,,,Black-throated Sparrow,Calling,no visual,,18:14,3,2,,,,
469,5/5/2019,18:05,20:05,34.7801,-115.6646,Black-throated Sparrow,Foraging,shrub,33-34,18:19,2,2,,,,
470,5/5/2019,18:05,20:05,,,Black-throated Sparrow,Calling,no visual,,18:26,3,2,,,,
471,5/5/2019,18:05,20:05,34.78146,-115.66337,Ash-throated Flycatcher,Standing on Ground,rock,,18:30,1,2,,,,
472,5/5/2019,18:05,20:05,,,Black-throated Sparrow,Calling,no visual,,18:32,1,2,,,,
473,5/5/2019,18:05,20:05,34.78148,-115.66332,Rock Wren,Standing on Ground,rock,,18:36,1,2,,,,
474,5/5/2019,18:05,20:05,34.78201,-115.6636,Blue-gray Gnatcatcher,Singing,shrub,,19:05,2,2,,,,
475,5/5/2019,18:05,20:05,34.78209,-115.6634,Blue-gray Gnatcatcher,Singing,shrub,35-37,19:05,2,2,,,,
476,5/5/2019,18:05,20:05,,,House Finch,Singing,rock,,19:06,1,2,,,,
477,5/5/2019,18:05,20:05,34.78307,-115.66257,House Finch,Singing,shrub,38-42,19:06,3,2,,,,
478,5/5/2019,18:05,20:05,34.78168,-115.6637,Wilson's Warbler,Flying Between Plants,shrub,43-74,19:23,1,2,,,,
479,5/5/2019,18:05,20:05,,,Black-throated Sparrow,Calling,no visual,,19:30,3,2,,,,
480,5/5/2019,18:05,20:05,34.78295,-115.66332,Black-throated Sparrow,Calling,air,,19:39,2,2,,,,
481,5/5/2019,18:05,20:05,,,Mourning Dove,Calling,air,,19:40,3,2,,,,
482,5/5/2019,18:05,20:05,,,Mourning Dove,Calling,air,,19:40,3,2,,,,
483,5/5/2019,18:05,20:05,,,Western Wood Peewee,Singing,no visual,,19:48,3,2,,,,
484,5/5/2019,18:05,20:05,,,Great Horned Owl,Singing,no visual,,19:50,3,2,,,,
485,5/6/2019,6:20,8:20,,,House Finch,Singing,no visual,,6:25,3,1,,,,
486,5/6/2019,6:20,8:20,,,Black-throated Sparrow,Singing,no visual,,6:27,3,1,,,,
487,5/6/2019,6:20,8:20,,,Canyon Wren,Singing,no visual,,6:29,2,1,,,,
488,5/6/2019,6:20,8:20,34.78249,-115.66287,Verdin,Flying on Plant,cactus canopy,,6:32,2,1,,,,
489,5/6/2019,6:20,8:20,34.78265,-115.66286,Verdin,Flying,air,,6:32,2,1,,,,
490,5/6/2019,6:20,8:20,34.78264,-115.66267,Verdin,Flying,cactus canopy,92-100,6:33,2,1,,,,
491,5/6/2019,6:20,8:20,,,Black-throated Sparrow,Singing,no visual,,6:35,3,1,,,,
492,5/6/2019,6:20,8:20,,,Black-throated Sparrow,Calling,no visual,,6:39,3,1,,,,
493,5/6/2019,6:20,8:20,,,Cactus Wren,Singing,no visual,,6:44,2,1,,,,
494,5/6/2019,6:20,8:20,,,Phainopepla,Standing on Ground,rock,,6:44,3,1,,,,
495,5/6/2019,6:20,8:20,34.78231,-115.66293,Phainopepla,Flying,shrub,,6:44,1,1,,,,
496,5/6/2019,6:20,8:20,34.78221,-115.66258,Black-throated Sparrow,Flying,air,,6:45,1,1,,,,
497,5/6/2019,6:20,8:20,34.78229,-115.66264,Costa's Hummingbird,Foraging,shrub,,6:46,1,1,,,,
498,5/6/2019,6:20,8:20,,,Black-throated Sparrow,Singing,no visual,,6:51,3,1,,,,
499,5/6/2019,6:20,8:20,,,Phainopepla,Calling,no visual,,6:51,3,1,,,,
500,5/6/2019,6:20,8:20,34.78205,-115.66231,Northern Mockingbird,Singing,,,6:52,1,1,,,,
501,5/6/2019,6:20,8:20,34.78209,-115.66257,Northern Mockingbird,Singing,,,6:52,1,1,,,,
502,5/6/2019,6:20,8:20,34.78232,-115.66266,Northern Mockingbird,Singing,cactus canopy,101-108,6:54,1,1,,,,
503,5/6/2019,6:20,8:20,,,Black-throated Sparrow,Calling,no visual,,6:56,3,1,,,,
504,5/6/2019,6:20,8:20,34.78134,-115.66248,Unknown Passerine,Flying on Plant,shrub,,7:02,1,1,,,,
505,5/6/2019,6:20,8:20,34.78163,-115.66277,Rock Wren,Flying,air,,7:03,1,1,,,,
506,5/6/2019,6:20,8:20,,,Rock Wren,Singing,rock,,7:06,1,1,,,,
507,5/6/2019,6:20,8:20,,,Black-throated Sparrow,Singing,no visual,,7:06,3,1,,,,
508,5/6/2019,6:20,8:20,,,Black-throated Sparrow,Singing,no visual,,7:06,3,1,,,,
509,5/6/2019,6:20,8:20,,,House Finch,Singing,no visual,,7:12,3,1,,,,
510,5/6/2019,6:20,8:20,,,Canyon Wren,Singing,no visual,,7:14,3,1,,,,
511,5/6/2019,6:20,8:20,,,Black-throated Sparrow,Calling,no visual,,7:14,3,1,,,,
512,5/6/2019,6:20,8:20,34.78156,-115.66266,Black-throated Sparrow,Calling,cactus canopy,109-115,7:15,1,1,,,,
513,5/6/2019,6:20,8:20,34.78178,-115.66233,Black-throated Sparrow,Flying,cactus canopy,,7:17,1,1,,,,
514,5/6/2019,6:20,8:20,34.78147,-115.66258,Gambel's Quail,Walking,grass,,7:21,1,1,,,,
515,5/6/2019,6:20,8:20,34.78144,-115.66249,Gambel's Quail,Standing on Ground,grass,,7:21,1,1,,,,
516,5/6/2019,6:20,8:20,34.78134,-115.66245,Gambel's Quail,Walking,grass,,7:21,1,1,,,,
517,5/6/2019,6:20,8:20,34.78108,-115.6628,Black-tailed Gnatcatcher,Flying on Plant,shrub,116-126,7:30,1,1,,,,
518,5/6/2019,6:20,8:20,,,Gambel's Quail,Singing,no visual,,7:30,3,1,,,,
519,5/6/2019,6:20,8:20,34.78108,-115.66304,Wilson's Warbler,Foraging,,127-196,7:31,1,1,,,,
520,5/6/2019,6:20,8:20,34.78083,-115.66306,Black-throated Sparrow,Calling,cactus canopy,,7:37,1,1,,,,
521,5/6/2019,6:20,8:20,34.78083,-115.66306,Black-throated Sparrow,Calling,cactus canopy,,7:37,1,1,,,,
522,5/6/2019,6:20,8:20,34.78083,-115.66306,Black-throated Sparrow,Calling,cactus canopy,,7:37,1,1,,,,
523,5/6/2019,6:20,8:20,34.78083,-115.66306,Black-throated Sparrow,Calling,cactus canopy,,7:37,1,1,,,,
524,5/6/2019,6:20,8:20,34.78083,-115.66306,Black-throated Sparrow,Calling,cactus canopy,,7:37,1,1,,,,
525,5/6/2019,6:20,8:20,34.78083,-115.66306,Black-throated Sparrow,Calling,cactus canopy,,7:37,1,1,,,,
526,5/6/2019,6:20,8:20,34.78083,-115.66306,Black-throated Sparrow,Calling,cactus canopy,,7:37,1,1,,,,
527,5/6/2019,6:20,8:20,34.78083,-115.66306,Black-throated Sparrow,Calling,cactus canopy,,7:37,1,1,,,,
528,5/6/2019,6:20,8:20,,,Northern Mockingbird,Singing,cactus canopy,,7:39,1,1,,,,
529,5/6/2019,6:20,8:20,,,Northern Mockingbird,Singing,no visual,,7:39,3,1,,,,
530,5/6/2019,6:20,8:20,34.78065,-115.6631,Black-throated Sparrow,Calling,shrub,,7:44,1,1,,,,
531,5/6/2019,6:20,8:20,,,Black-throated Sparrow,Calling,no visual,,7:46,3,1,,,,
532,5/6/2019,6:20,8:20,34.78015,-115.66303,Northern Mockingbird,Singing,cactus canopy,197-199,7:56,1,1,,,,
533,5/6/2019,6:20,8:20,34.78,-115.66305,Anna's Hummingbird,Foraging,annuals,200-238,7:57,1,1,,,,
534,5/6/2019,6:20,8:20,,,Black-throated Sparrow,Singing,no visual,,8:05,2,1,,,,
535,5/6/2019,6:20,8:20,,,Mourning Dove,Flying,rock,,8:07,3,1,,,,
536,5/6/2019,8:20,10:20,34.77814,-115.66428,Blue-gray Gnatcatcher,Calling,shrub,,8:22,1,2,,,,
537,5/6/2019,8:20,10:20,34.77891,-115.66403,Ash-throated Flycatcher,Singing,shrub,239-248,8:25,1,2,,,,
538,5/6/2019,8:20,10:20,,,Black-throated Sparrow,Singing,no visual,,8:26,1,2,,,,
539,5/6/2019,8:20,10:20,,,Black-throated Sparrow,Calling,no visual,,8:26,1,2,,,,
540,5/6/2019,8:20,10:20,,,Canyon Wren,Singing,no visual,,8:42,3,2,,,,
541,5/6/2019,8:20,10:20,,,Mourning Dove,Singing,no visual,,8:42,3,2,,,,
542,5/6/2019,8:20,10:20,34.78022,-115.66355,Ash-throated Flycatcher,Sitting on Plant,shrub,,8:42,1,2,,,,
543,5/6/2019,8:20,10:20,34.78031,-115.66374,Mourning Dove,Flying,air,,8:47,1,2,,,,
544,5/6/2019,8:20,10:20,34.78031,-115.66374,Mourning Dove,Flying,air,,8:47,1,2,,,,
545,5/6/2019,8:20,10:20,34.78077,-115.66393,Violet-green Swallow,Flying,air,,8:55,1,2,,,,
546,5/6/2019,8:20,10:20,34.7808,-115.6641,Gray Flycatcher,Sitting on Plant,shrub,,8:55,1,2,,,,
547,5/6/2019,8:20,10:20,,,Canyon Wren,Singing,no visual,,9:02,3,2,,,,
548,5/6/2019,8:20,10:20,,,Black-throated Sparrow,Singing,no visual,,9:02,3,2,,,,
549,5/6/2019,8:20,10:20,34.78127,-115.66391,Pacific-slope Flycatcher,Sitting on Plant,shrub,"271-316, 32-382",9:10,1,2,,,,
550,5/6/2019,8:20,10:20,34.7813,-115.66395,Gray Flycatcher,Sitting on Plant,shrub,317-322,9:10,1,2,,,,
551,5/6/2019,8:20,10:20,34.78129,-115.66397,Verdin,Singing,shrub,383-391,9:17,1,2,,,,
552,5/6/2019,8:20,10:20,34.78077,-115.66394,Black-throated Sparrow,Sitting on Plant,shrub,392-401,9:25,2,2,,,,
553,5/6/2019,8:20,10:20,,,Mourning Dove,Singing,no visual,,9:20,3,2,,,,
554,5/6/2019,8:20,10:20,34.78081,-115.66359,Mourning Dove,Flying,air,,9:26,1,2,,,,
555,5/6/2019,8:20,10:20,34.78081,-115.66359,Mourning Dove,Flying,air,,9:26,1,2,,,,
556,5/6/2019,8:20,10:20,34.78086,-115.66392,White-throated Swift,Flying,air,,9:27,2,2,,,,
557,5/6/2019,8:20,10:20,34.78086,-115.66392,White-throated Swift,Flying,air,,9:27,2,2,,,,
558,5/6/2019,8:20,10:20,34.78074,-115.66311,Say's Phoebe,Singing,cactus canopy,,9:27,2,2,,,,
559,5/6/2019,8:20,10:20,,,Phainopepla,Calling,no visual,,9:32,3,2,,,,
560,5/6/2019,8:20,10:20,,,Rock Wren,Singing,rock,,9:35,2,2,,,,
561,5/6/2019,8:20,10:20,,,Black-throated Sparrow,Singing,no visual,,9:40,3,2,,,,
562,5/6/2019,8:20,10:20,,,Black-throated Sparrow,Singing,no visual,,9:40,3,2,,,,
563,5/6/2019,8:20,10:20,,,Black-throated Sparrow,Singing,no visual,,9:40,3,2,,,,
564,5/6/2019,8:20,10:20,,,Violet-green Swallow,Flying,air,407-422,9:42,2,2,,,,
565,5/6/2019,8:20,10:20,,,Black-throated Sparrow,Calling,no visual,,9:45,2,2,,,,
566,5/6/2019,8:20,10:20,34.78178,-115.66355,Black-throated Sparrow,Sitting on Plant,shrub,423-424,9:50,1,2,,,,
567,5/6/2019,8:20,10:20,34.78192,-115.66366,Black-throated Sparrow,Calling,shrub,425,9:50,1,2,,,,
568,5/6/2019,8:20,10:20,34.78194,-115.66371,Rock Wren,Flying,air,,9:53,1,2,,,,
569,5/6/2019,8:20,10:20,34.78198,-115.6636,Costa's Hummingbird,Flying,air,,9:55,1,2,,,,
570,5/6/2019,8:20,10:20,34.78231,-115.66328,Black-throated Sparrow,Standing on Ground,gravel,,10:00,2,2,,,,
571,5/6/2019,8:20,10:20,34.78231,-115.66328,Black-throated Sparrow,Standing on Ground,gravel,,10:00,2,2,,,,
572,5/6/2019,8:20,10:20,,,Violet-green Swallow,Flying,air,,9:58,3,2,,,,
573,5/6/2019,8:20,10:20,34.7826,-115.66294,Blue-gray Gnatcatcher,Singing,shrub,456,10:10,1,2,,,,
574,5/6/2019,8:20,10:20,34.7826,-115.66294,Blue-gray Gnatcatcher,Singing,shrub,456,10:10,1,2,,,,
575,5/6/2019,8:20,10:20,34.7826,-115.66294,Blue-gray Gnatcatcher,Singing,shrub,456,10:10,1,2,,,,
576,5/6/2019,8:20,10:20,34.7826,-115.66294,Blue-gray Gnatcatcher,Singing,shrub,456,10:10,1,2,,,,
577,5/6/2019,8:20,10:20,34.7826,-115.66294,Blue-gray Gnatcatcher,Singing,shrub,456,10:10,1,2,,,,
578,5/6/2019,8:20,10:20,34.78275,-115.66302,Gambel's Quail,Walking,wash,450-455,10:05,1,2,,,,
579,5/6/2019,8:20,10:20,34.78275,-115.66302,Gambel's Quail,Walking,wash,450-455,10:05,1,2,,,,
580,5/6/2019,8:20,10:20,34.78294,-115.6629,Verdin,Flying Between Plants,shrub,,10:10,1,2,,,,
581,5/6/2019,8:20,10:20,34.78294,-115.6629,Verdin,Flying Between Plants,shrub,,10:10,1,2,,,,
582,5/6/2019,8:20,10:20,34.78294,-115.6629,Verdin,Flying Between Plants,shrub,,10:10,1,2,,,,
583,5/6/2019,8:20,10:20,34.78294,-115.6629,Verdin,Flying Between Plants,shrub,,10:10,1,2,,,,
584,5/6/2019,8:20,10:20,34.78294,-115.6629,Verdin,Flying Between Plants,shrub,,10:10,1,2,,,,
585,5/6/2019,8:20,10:20,34.78294,-115.6629,Verdin,Flying Between Plants,shrub,,10:10,1,2,,,,
586,5/6/2019,8:20,10:20,34.78305,-115.6628,Northern Mockingbird,Flying,air,,10:15,2,2,,,,
587,5/6/2019,8:20,10:20,,,Canyon Wren,Singing,no visual,,10:16,3,2,,,,
588,5/6/2019,8:20,10:20,,,Black-throated Sparrow,Calling,no visual,,10:17,2,2,,,,
589,5/6/2019,8:20,10:20,,,Black-throated Sparrow,Singing,no visual,,10:17,2,2,,,,
590,5/6/2019,8:20,10:20,,,Black-throated Sparrow,Calling,no visual,,10:17,2,2,,,,
591,5/6/2019,8:20,10:20,,,Hummingbird,Flying,no visual,,10:18,1,2,,,,
592,5/6/2019,16:10,18:10,34.78275,-115.66245,Hummingbird,Flying,air,,16:25,1,1,,,,
593,5/6/2019,16:10,18:10,34.78273,-115.66245,Wilson's Warbler,Foraging,cactus canopy,497-562,16:26,1,1,,,,
593.5,5/6/2019,16:10,18:10,34.78264,-115.66245,Black-throated Sparrow,Flying,rock,,16:27,1,1,,,,
594,5/6/2019,16:10,18:10,34.78263,-115.66246,Phainopepla,Flying,air,,16:30,1,1,,,,
595,5/6/2019,16:10,18:10,,,Blue-gray Gnatcatcher,Singing,no visual,,16:43,2,1,,,,
596,5/6/2019,16:10,18:10,,,Costa's Hummingbird,Singing,air,,16:45,1,1,,,,
597,5/6/2019,16:10,18:10,,,Mourning Dove,Flying,air,,16:46,1,1,,,,
598,5/6/2019,16:10,18:10,34.78172,-115.662,Mourning Dove,Flying,air,,16:48,3,1,,,,
599,5/6/2019,16:10,18:10,,,Black-throated Sparrow,Flying,cactus canopy,,16:50,3,1,,,,
600,5/6/2019,16:10,18:10,34.78172,-115.66199,Rock Wren,Singing,,,16:43,1,1,,,,
601,5/6/2019,16:10,18:10,34.78193,-115.66228,Northern Mockingbird,Sitting on Plant,cactus canopy,,16:45,1,1,,,,
602,5/6/2019,16:10,18:10,,,Blue-gray Gnatcatcher,Singing,no visual,,16:57,1,1,,,,
603,5/6/2019,16:10,18:10,34.78207,-115.66267,Hummingbird,Foraging,shrub,,17:00,1,1,,,,
604,5/6/2019,16:10,18:10,34.78188,-115.66256,Rock Wren,Walking,grass,,17:02,1,1,,,,
605,5/6/2019,16:10,18:10,34.78155,-115.66219,Northern Mockingbird,Flying,air,,17:04,2,1,,,,
606,5/6/2019,16:10,18:10,34.78127,-115.66238,Black-throated Sparrow,Singing,cactus canopy,566-587,17:08,2,1,,,,
607,5/6/2019,16:10,18:10,,,Black-tailed Gnatcatcher,Singing,no visual,,17:12,1,1,,,,
608,5/6/2019,16:10,18:10,34.78115,-115.66299,Black-throated Sparrow,Singing,shrub,,17:17,1,1,,,,
609,5/6/2019,16:10,18:10,34.78083,-115.6627,Violet-green Swallow,Flying,air,,17:25,1,1,,,,
610,5/6/2019,16:10,18:10,34.78083,-115.6627,Violet-green Swallow,Flying,air,,17:25,1,1,,,,
611,5/6/2019,16:10,18:10,34.78083,-115.6627,White-throated Swift,Sparring,air,,17:25,1,1,,,,
612,5/6/2019,16:10,18:10,,,Costa's Hummingbird,Singing,no visual,,17:28,3,1,,,,
613,5/6/2019,16:10,18:10,,,Canyon Wren,Singing,no visual,,17:29,3,1,,,,
614,5/6/2019,16:10,18:10,34.77982,-115.66308,Say's Phoebe,Sitting on Plant,cactus canopy,588-591,17:47,1,1,,,,
615,5/6/2019,16:10,18:10,34.77882,-115.66316,Ash-throated Flycatcher,Calling,shrub,,17:57,1,1,,,,
616,5/6/2019,16:10,18:10,34.77877,-115.66325,Ash-throated Flycatcher,Sitting on Plant,shrub,,17:57,1,1,,,,
617,5/7/2019,8:20,10:20,,,Canyon Wren,Singing,no visual,,8:21,3,2,,,,
618,5/7/2019,8:20,10:20,34.78306,-115.66309,Black-throated Sparrow,Calling,air,,8:25,1,2,,,,
619,5/7/2019,8:20,10:20,34.78265,-115.66323,Blue-gray Gnatcatcher,Singing,air,,8:35,1,2,,,,
620,5/7/2019,8:20,10:20,,,Cactus Wren,Singing,no visual,,8:39,2,2,,,,
621,5/7/2019,8:20,10:20,34.78252,-115.66285,Black-throated Sparrow,Calling,shrub,,8:39,2,2,,,,
622,5/7/2019,8:20,10:20,,,Mourning Dove,Calling,no visual,,8:40,2,2,,,,
623,5/7/2019,8:20,10:20,34.78241,-115.66338,Costa's Hummingbird,Sitting on Plant,shrub,,8:45,1,2,,,,
624,5/7/2019,8:20,10:20,,,House Finch,Singing,no visual,,8:46,2,2,,,,
625,5/7/2019,8:20,10:20,,,Black-throated Sparrow,Singing,no visual,,8:47,2,2,,,,
626,5/7/2019,8:20,10:20,,,Townsend's Warbler,Foraging,shrub,Jan-97,8:50,1,2,,,,
627,5/7/2019,8:20,10:20,34.78206,-115.6634,Warbling Vireo,Foraging,shrub,Jan-97,8:50,1,2,,,,
628,5/7/2019,8:20,10:20,34.78206,-115.6634,Townsend's Warbler,Foraging,shrub,Jan-97,8:50,1,2,,,,
629,5/7/2019,8:20,10:20,34.78169,-115.66349,Black-throated Sparrow,Singing,shrub,,8:56,1,2,,,,
630,5/7/2019,8:20,10:20,34.78169,-115.66349,Black-throated Sparrow,Singing,shrub,,8:56,1,2,,,,
631,5/7/2019,8:20,10:20,,,Canyon Wren,Singing,no visual,,8:57,3,2,,,,
632,5/7/2019,8:20,10:20,34.78169,-115.66349,Blue-gray Gnatcatcher,Singing,shrub,,9:02,1,2,,,,
633,5/7/2019,8:20,10:20,34.78154,-115.66355,Costa's Hummingbird,Foraging,shrub,96-135,9:05,1,2,,,,
634,5/7/2019,8:20,10:20,,,Costa's Hummingbird,Singing,no visual,,9:14,3,2,,,,
635,5/7/2019,8:20,10:20,34.78121,-115.66349,Townsend's Warbler,Foraging,shrub,"136-188, 204-228",9:21,2,2,,,,
636,5/7/2019,8:20,10:20,34.78191,-115.66432,Pacific-slope Flycatcher,Sitting on Plant,shrub,189-203,9:21,2,2,,,,
637,5/7/2019,8:20,10:20,34.78099,-115.66432,Mourning Dove,Flying,air,,9:28,1,2,,,,
638,5/7/2019,8:20,10:20,34.78099,-115.66432,Mourning Dove,Flying,air,,9:28,1,2,,,,
639,5/7/2019,8:20,10:20,,,Black-throated Sparrow,Singing,no visual,,9:30,3,2,,,,
640,5/7/2019,8:20,10:20,,,Black-throated Sparrow,Singing,no visual,,9:30,3,2,,,,
641,5/7/2019,8:20,10:20,,,Northern Mockingbird,Singing,no visual,,9:35,3,2,,,,
642,5/7/2019,8:20,10:20,,,Black-throated Sparrow,Singing,no visual,,9:52,3,2,,,,
643,5/7/2019,8:20,10:20,,,Gray Flycatcher,Sitting on Plant,shrub,326-328,9:55,2,2,,,,
644,5/7/2019,8:20,10:20,,,Black-throated Sparrow,Singing,no visual,,9:57,3,2,,,,
645,5/7/2019,8:20,10:20,,,Black-throated Sparrow,Singing,no visual,,9:57,3,2,,,,
646,5/7/2019,8:20,10:20,,,Black-throated Sparrow,Singing,no visual,,9:57,3,2,,,,
647,5/7/2019,8:20,10:20,,,Phainopepla,Calling,no visual,,10:05,3,2,,,,
648,5/7/2019,10:20,12:20,,,Ash-throated Flycatcher,Singing,no visual,,10:25,3,1,,,,
649,5/7/2019,10:20,12:20,,,Black-throated Sparrow,Singing,no visual,,10:36,3,1,,,,
650,5/7/2019,10:20,12:20,,,Black-throated Sparrow,Singing,no visual,,10:36,3,1,,,,
651,5/7/2019,10:20,12:20,,,Costa's Hummingbird,Singing,no visual,,10:46,1,1,,,,
652,5/7/2019,10:20,12:20,34.78035,-115.66224,Phainopepla,Sitting on Plant,cactus canopy,,10:46,2,1,,,,
653,5/7/2019,10:20,12:20,,,Blue-gray Gnatcatcher,Singing,no visual,,10:50,3,1,,,,
654,5/7/2019,10:20,12:20,34.78054,-115.66223,Cactus Wren,Singing,cactus canopy,335-354,10:54,2,1,,,,
655,5/7/2019,10:20,12:20,,,Canyon Wren,Singing,no visual,,10:55,3,1,,,,
656,5/7/2019,10:20,12:20,,,Cactus Wren,Singing,no visual,,11:00,3,1,,,,
657,5/7/2019,10:20,12:20,,,Rock Wren,Singing,rock,,11:01,2,1,,,,
658,5/7/2019,10:20,12:20,,,Rock Wren,Singing,rock,,11:01,2,1,,,,
659,5/7/2019,10:20,12:20,,,Northern Mockingbird,Flying,air,,11:01,1,1,,,,
660,5/7/2019,10:20,12:20,34.78109,-115.6627,Black-throated Sparrow,Calling,cactus canopy,355-356,11:02,1,1,,,,
661,5/7/2019,10:20,12:20,34.78109,-115.6627,Black-throated Sparrow,Calling,cactus canopy,355-356,11:02,1,1,,,,
662,5/7/2019,10:20,12:20,34.78109,-115.6627,Black-throated Sparrow,Calling,cactus canopy,355-356,11:02,1,1,,,,
663,5/7/2019,10:20,12:20,34.78162,-115.66263,Rock Wren,Walking,grass,,11:16,1,1,,,,
664,5/7/2019,10:20,12:20,,,Cactus Wren,Singing,no visual,,11:19,3,1,,,,
665,5/7/2019,10:20,12:20,,,House Finch,Singing,no visual,,11:24,3,1,,,,
666,5/7/2019,10:20,12:20,,,Mourning Dove,Singing,no visual,,11:25,3,1,,,,
667,5/7/2019,10:20,12:20,,,Black-throated Sparrow,Singing,no visual,,11:26,3,1,,,,
668,5/7/2019,10:20,12:20,,,Northern Mockingbird,Singing,no visual,,11:33,3,1,,,,
667.5,5/7/2019,10:20,12:20,,,Costa's Hummingbird,Singing,no visual,,11:35,1,1,,,,
668.5,5/7/2019,10:20,12:20,,,Common Raven,Calling,no visual,,12:00,3,1,,,,
669,5/7/2019,10:20,12:20,34.78279,-115.66274,Blue-gray Gnatcatcher,Singing,cactus canopy,,12:01,1,1,,,,
670,5/7/2019,10:20,12:20,34.78267,-115.66254,Black-throated Sparrow,Calling,air,,12:02,1,1,,,,
671,5/7/2019,10:20,12:20,,,Ash-throated Flycatcher,Singing,no visual,,12:10,3,1,,,,
672,5/7/2019,10:20,12:20,34.78288,-115.66261,Wilson's Warbler,Flying on Plant,shrub,,12:19,1,1,,,,
673,5/7/2019,12:20,14:20,,,House Finch,Singing,no visual,,12:22,3,2,,,,
674,5/7/2019,12:20,14:20,,,Canyon Wren,Singing,no visual,,12:22,3,2,,,,
675,5/7/2019,12:20,14:20,,,Black-throated Sparrow,Calling,no visual,,12:24,3,2,,,,
676,5/7/2019,12:20,14:20,34.78285,-115.66302,Black-throated Sparrow,Calling,shrub,357-360,12:26,1,2,,,,
677,5/7/2019,12:20,14:20,34.78285,-115.66302,Black-throated Sparrow,Calling,shrub,357-360,12:26,1,2,,,,
678,5/7/2019,12:20,14:20,,,Black-throated Sparrow,Singing,no visual,,12:37,3,2,,,,
679,5/7/2019,12:20,14:20,,,Black-throated Sparrow,Singing,shrub,,12:39,1,2,,,,
680,5/7/2019,12:20,14:20,,,Blue-gray Gnatcatcher,Singing,no visual,,12:50,2,2,,,,
681,5/7/2019,12:20,14:20,,,Black-tailed Gnatcatcher,Singing,no visual,,12:50,2,2,,,,
682,5/7/2019,12:20,14:20,34.78236,-115.66376,White-throated Swift,Calling,air,,12:52,2,2,,,,
683,5/7/2019,12:20,14:20,34.78236,-115.66376,White-throated Swift,Calling,air,,12:52,2,2,,,,
684,5/7/2019,12:20,14:20,34.78236,-115.66376,White-throated Swift,Calling,air,,12:52,2,2,,,,
685,5/7/2019,12:20,14:20,34.78236,-115.66376,White-throated Swift,Calling,air,,12:52,2,2,,,,
686,5/7/2019,12:20,14:20,34.78236,-115.66376,White-throated Swift,Calling,air,,12:52,2,2,,,,
687,5/7/2019,12:20,14:20,34.78236,-115.66376,White-throated Swift,Calling,air,,12:52,2,2,,,,
688,5/7/2019,12:20,14:20,34.78236,-115.66376,White-throated Swift,Calling,air,,12:52,2,2,,,,
689,5/7/2019,12:20,14:20,34.78236,-115.66376,White-throated Swift,Calling,air,,12:52,2,2,,,,
690,5/7/2019,12:20,14:20,34.78236,-115.66376,White-throated Swift,Calling,air,,12:52,2,2,,,,
691,5/7/2019,12:20,14:20,34.78236,-115.66376,White-throated Swift,Copulating,air,,12:52,2,2,,,,
692,5/7/2019,12:20,14:20,34.78236,-115.66376,White-throated Swift,Copulating,air,,12:52,2,2,,,,
693,5/7/2019,12:20,14:20,34.78247,-115.66373,Black-throated Sparrow,Sitting on Plant,cactus canopy,,12:56,2,2,,,,
694,5/7/2019,12:20,14:20,34.78247,-115.66373,Black-throated Sparrow,Sitting on Plant,cactus canopy,,12:56,2,2,,,,
695,5/7/2019,12:20,14:20,,,Common Raven,Calling,no visual,,12:57,2,2,,,,
696,5/7/2019,12:20,14:20,,,Costa's Hummingbird,Singing,no visual,,12:59,2,2,,,,
697,5/7/2019,12:20,14:20,,,Canyon Wren,Singing,no visual,,13:01,3,2,,,,
698,5/7/2019,12:20,14:20,34.78181,-115.66359,Gambel's Quail,Walking,gravel,,13:02,1,2,,,,
699,5/7/2019,12:20,14:20,,,Cactus Wren,Singing,no visual,,13:09,3,2,,,,
700,5/7/2019,12:20,14:20,34.78159,-115.66354,Blue-gray Gnatcatcher,Flying,shrub,,13:10,1,2,,,,
701,5/7/2019,12:20,14:20,,,Black-throated Sparrow,Singing,no visual,,13:21,3,2,,,,
702,5/7/2019,12:20,14:20,34.78125,-115.66379,Blue-gray Gnatcatcher,Singing,shrub,,13:25,2,2,,,,
703,5/7/2019,12:20,14:20,34.78125,-115.66379,Blue-gray Gnatcatcher,Singing,shrub,,13:25,2,2,,,,
704,5/7/2019,12:20,14:20,34.78125,-115.66379,Blue-gray Gnatcatcher,Singing,shrub,,13:25,2,2,,,,
705,5/7/2019,12:20,14:20,34.78125,-115.66379,Blue-gray Gnatcatcher,Singing,shrub,,13:25,2,2,,,,
706,5/7/2019,12:20,14:20,34.78125,-115.66379,Blue-gray Gnatcatcher,Singing,shrub,,13:25,2,2,,,,
707,5/7/2019,12:20,14:20,34.78138,-115.6636,Blue-gray Gnatcatcher,Singing,shrub,,13:29,1,2,,,,
708,5/7/2019,12:20,14:20,,,Black-throated Sparrow,Singing,no visual,,13:39,3,2,,,,
709,5/7/2019,12:20,14:20,,,Black-throated Sparrow,Singing,no visual,,13:39,3,2,,,,
710,5/7/2019,12:20,14:20,34.77924,-115.66386,Ash-throated Flycatcher,Flying,air,,13:54,1,2,,,,
711,5/7/2019,12:20,14:20,34.77913,-115.66386,Ash-throated Flycatcher,Sitting on Plant,shrub,361-363,13:54,1,2,,,,
712,5/7/2019,12:20,14:20,,,Gambel's Quail,Singing,no visual,,13:59,3,2,,,,
713,5/7/2019,12:20,14:20,34.77889,-115.66435,Black-throated Sparrow,Calling,shrub,,13:59,1,2,,,,
714,5/7/2019,12:20,14:20,34.77889,-115.66435,Black-throated Sparrow,Flying,shrub,,13:59,1,2,,,,
715,5/7/2019,12:20,14:20,,,Black-throated Sparrow,Singing,no visual,,14:05,3,2,,,,
716,5/7/2019,12:20,14:20,34.78259,-115.66274,Phainopepla,Flying,air,,14:17,2,2,,,,
717,5/8/2019,9:55,11:55,,,Phainopepla,Calling,no visual,,9:55,3,,,,,
718,5/8/2019,9:55,11:55,,,Canyon Wren,Singing,no visual,,9:56,3,,,,,
719,5/8/2019,9:55,11:55,34.78263,-115.66255,Black-tailed Gnatcatcher,Singing,shrub,,10:00,1,,,,,
720,5/8/2019,9:55,11:55,,,Black-throated Sparrow,Singing,no visual,,10:03,3,,,,,
721,5/8/2019,9:55,11:55,34.78281,-115.66261,Blue-gray Gnatcatcher,Singing,cactus canopy,,10:09,1,,,,,
722,5/8/2019,9:55,11:55,,,Black-throated Sparrow,Singing,no visual,,10:11,2,,,,,
723,5/8/2019,9:55,11:55,,,Black-throated Sparrow,Singing,no visual,,10:11,2,,,,,
724,5/8/2019,9:55,11:55,34.78231,-115.6624,Anna's Hummingbird,Sitting on Plant,shrub,43474,10:19,1,,,,,
725,5/8/2019,9:55,11:55,,,Canyon Wren,Singing,no visual,,10:23,3,,,,,
726,5/8/2019,9:55,11:55,34.78172,-115.66265,Rock Wren,Calling,rock,Oct-63,10:23,1,,fledglings,,,
727,5/8/2019,9:55,11:55,34.78172,-115.66265,Rock Wren,Calling,rock,Oct-63,10:23,1,,,,,
728,5/8/2019,9:55,11:55,34.78172,-115.66265,Rock Wren,Calling,rock,Oct-63,10:23,1,,,,,
729,5/8/2019,9:55,11:55,34.78172,-115.66265,Rock Wren,Calling,rock,Oct-63,10:23,1,,,,,
730,5/8/2019,9:55,11:55,34.78172,-115.66265,Rock Wren,Distraction Display,rock,21-63,10:23,1,,,,,
731,5/8/2019,9:55,11:55,34.78167,-115.66257,Ash-throated Flycatcher,Singing,air,,10:45,1,,,,,
732,5/8/2019,9:55,11:55,,,Costa's Hummingbird,Singing,no visual,,10:45,2,,display,,,
733,5/8/2019,9:55,11:55,34.78117,-115.66262,Northern Mockingbird,Sitting on Plant,cactus canopy,64-67,10:51,1,,,,,
734,5/8/2019,9:55,11:55,,,Black-throated Sparrow,Calling,no visual,,10:50,3,,,,,
735,5/8/2019,9:55,11:55,34.78127,-115.66266,Black-throated Sparrow,Calling,air,,10:57,1,,,,,
736,5/8/2019,9:55,11:55,34.78118,-115.66254,Black-throated Sparrow,Singing,cactus canopy,68-86,11:01,1,,,,,
737,5/8/2019,9:55,11:55,34.78122,-115.66255,Black-throated Sparrow,Singing,cactus canopy,,11:01,1,,,,,
738,5/8/2019,9:55,11:55,34.78129,-115.6627,Blue-gray Gnatcatcher,Foraging,shrub,92-95,11:09,1,,,,,
739,5/8/2019,9:55,11:55,34.78129,-115.6627,Blue-gray Gnatcatcher,Foraging,shrub,92-95,11:09,1,,,,,
740,5/8/2019,9:55,11:55,34.78129,-115.6627,Blue-gray Gnatcatcher,Foraging,shrub,92-95,11:09,1,,,,,
741,5/8/2019,9:55,11:55,34.78129,-115.6627,MacGillivray's Warbler,Foraging,shrub,87-124,11:09,1,,,,,
742,5/8/2019,9:55,11:55,34.78016,-115.66306,Northern Mockingbird,Foraging,grass,,11:31,1,,,,,
743,5/8/2019,9:55,11:55,34.78002,-115.66926,Costa's Hummingbird,Foraging,air,,11:36,1,,flag foraging,,,
744,5/8/2019,9:55,11:55,,,Black-throated Sparrow,Singing,no visual,,11:37,2,,,,,
745,5/8/2019,9:55,11:55,,,Black-throated Sparrow,Singing,no visual,,11:37,2,,,,,
746,5/8/2019,9:55,11:55,34.7792,-115.6631,Black-throated Sparrow,Calling,air,,11:44,1,,,,,
747,5/8/2019,9:55,11:55,34.7792,-115.6631,Black-throated Sparrow,Calling,air,,11:44,1,,,,,
748,5/8/2019,11:55,1:55,,,Black-throated Sparrow,Singing,no visual,,11:56,3,,,,,
749,5/8/2019,11:55,1:55,34.77831,-115.66405,Hooded Oriole,Flying,air,,12:03,2,,,,,
750,5/8/2019,11:55,1:55,,,Black-throated Sparrow,Calling,no visual,,12:05,2,,,,,
751,5/8/2019,11:55,1:55,34.77924,-115.66422,Hummingbird,Flying,shrub,,12:10,1,,,,,
752,5/8/2019,11:55,1:55,34.77941,-115.66437,Black-headed Grosbeak,Singing,shrub,,12:10,1,,,,,
753,5/8/2019,11:55,1:55,34.77994,-115.66423,Black-throated Sparrow,Calling,shrub,125-126,12:16,2,,,,,
754,5/8/2019,11:55,1:55,34.77994,-115.66423,Black-throated Sparrow,Calling,shrub,125-126,12:16,2,,,,,
755,5/8/2019,11:55,1:55,34.77971,-115.6637,Verdin,Preening,shrub,127,12:18,1,,,,,
756,5/8/2019,11:55,1:55,34.77975,-115.66363,Blue-gray Gnatcatcher,Flying Between Plants,shrub,,12:18,1,,,,,
757,5/8/2019,11:55,1:55,34.77975,-115.66363,Blue-gray Gnatcatcher,Flying Between Plants,shrub,,12:18,1,,,,,
758,5/8/2019,11:55,1:55,34.77975,-115.66363,Blue-gray Gnatcatcher,Flying Between Plants,shrub,,12:18,1,,,,,
759,5/8/2019,11:55,1:55,34.77975,-115.66363,Blue-gray Gnatcatcher,Flying Between Plants,shrub,,12:18,1,,,,,
760,5/8/2019,11:55,1:55,,,Black-throated Sparrow,Singing,no visual,,12:18,1,,,,,
761,5/8/2019,11:55,1:55,34.78041,-115.66382,Anna's Hummingbird,Foraging,shrub,128-129,12:29,1,,,,,
762,5/8/2019,11:55,1:55,34.78064,-115.66328,Northern Mockingbird,Singing,cactus canopy,130-140,12:30,3,,,,,
763,5/8/2019,11:55,1:55,34.7812,-115.66362,Black-throated Sparrow,Preening,shrub,141-144,12:40,1,,,,,
764,5/8/2019,11:55,1:55,34.7812,-115.66362,Black-throated Sparrow,Flying on Plant,shrub,,12:40,1,,,,,
765,5/8/2019,11:55,1:55,34.7812,-115.66362,Black-throated Sparrow,Flying on Plant,shrub,,12:40,1,,,,,
766,5/8/2019,11:55,1:55,34.78118,-115.66377,Black-throated Sparrow,Calling,cactus canopy,,12:40,1,,,,,
767,5/8/2019,11:55,1:55,34.78116,-115.66351,Blue-gray Gnatcatcher,Calling,shrub,145-147,12:41,1,,,,,
768,5/8/2019,11:55,1:55,34.78116,-115.66351,Blue-gray Gnatcatcher,Calling,shrub,145-147,12:41,1,,,,,
769,5/8/2019,11:55,1:55,34.78196,-115.66355,Costa's Hummingbird,Flying,air,150-159,13:05,1,,,,,
770,5/8/2019,11:55,1:55,34.78263,-115.66312,Gambel's Quail,Walking,wash,,13:27,1,,,,,
771,5/8/2019,11:55,1:55,,,Black-throated Sparrow,Calling,no visual,,13:42,1,,,,,
772,5/8/2019,11:55,1:55,34.78197,-115.66369,Nuttall's/Ladderback Woodpecker Hybrid,Calling,shrub,167-183,13:53,2,,pik call,,,
773,5/8/2019,11:55,1:55,34.78234,-115.66367,Rock Wren,Foraging,gravel,184-198,13:54,2,,,,,
774,5/9/2019,12:00,14:00,,,Phainopepla,Singing,no visual,,12:10,3,,,,,
775,5/9/2019,12:00,14:00,34.78289,-115.66273,Blue-gray Gnatcatcher,Flying on Plant,cactus canopy,,12:11,1,,,,,
776,5/9/2019,12:00,14:00,34.78288,-115.66272,Blue-gray Gnatcatcher,Foraging,cactus canopy,,12:14,1,,,,,
775.2,5/9/2019,12:00,14:00,,,Rock Wren,Calling,rock,,12:15,2,,,,,
776.2,5/9/2019,12:00,14:00,,,Black-throated Sparrow,Singing,no visual,,12:20,3,,,,,
777,5/9/2019,12:00,14:00,,,Black-throated Sparrow,Calling,no visual,,12:21,2,,,,,
778,5/9/2019,12:00,14:00,,,Black-throated Sparrow,Calling,no visual,,12:21,2,,,,,
779,5/9/2019,12:00,14:00,,,Canyon Wren,Singing,no visual,,12:23,3,,,,,
780,5/9/2019,12:00,14:00,,,Black-throated Sparrow,Singing,no visual,,12:35,3,,,,,
781,5/9/2019,12:00,14:00,,,Black-throated Sparrow,Calling,no visual,,12:41,2,,,,,
782,5/9/2019,12:00,14:00,,,Red-tailed Hawk,Calling,no visual,,12:49,3,,,,,
783,5/9/2019,12:00,14:00,,,Common Raven,Calling,no visual,,12:55,3,,,,,
784,5/9/2019,12:00,14:00,34.78171,-115.66255,Costa's Hummingbird,Singing,,,13:03,1,,,,,
785,5/9/2019,12:00,14:00,,,Black-throated Sparrow,Singing,no visual,,13:10,3,,,,,
786,5/9/2019,12:00,14:00,,,Black-throated Sparrow,Singing,no visual,,13:10,3,,,,,
787,5/9/2019,12:00,14:00,,,Canyon Wren,Singing,no visual,,13:29,3,,,,,
788,5/9/2019,12:00,14:00,,,Common Raven,Calling,no visual,,13:45,3,,,,,
789,5/9/2019,12:00,14:00,,,Common Raven,Calling,no visual,,13:45,3,,,,,
790,5/9/2019,12:00,14:00,,,Black-throated Sparrow,Calling,no visual,,13:45,3,,,,,
791,5/9/2019,12:00,14:00,34.77857,-115.6624,Say's Phoebe,Sitting on Plant,,,13:47,3,,,,,
792,5/9/2019,12:00,14:00,34.77962,-115.66238,Black-throated Sparrow,Singing,,,13:47,3,,,,,
793,5/9/2019,12:00,14:00,,,Mourning Dove,Sparring,no visual,,13:53,3,,,,,
794,5/9/2019,12:00,14:00,,,Mourning Dove,Sparring,no visual,,13:53,3,,,,,
795,5/9/2019,14:00,16:00,34.77894,-115.66354,Black-throated Sparrow,Calling,shrub,3-Jan,14:05,2,,,,,
796,5/9/2019,14:00,16:00,34.77894,-115.66354,Black-throated Sparrow,Calling,shrub,3-Jan,14:05,2,,,,,
797,5/9/2019,14:00,16:00,,,Black-throated Sparrow,Singing,no visual,,14:10,2,,,,,
798,5/9/2019,14:00,16:00,,,Blue-gray Gnatcatcher,Singing,no visual,,14:15,1,,,,,
799,5/9/2019,14:00,16:00,,,Blue-gray Gnatcatcher,Calling,no visual,,14:23,3,,,,,
800,5/9/2019,14:00,16:00,,,Blue-gray Gnatcatcher,Calling,no visual,,14:23,3,,,,,
801,5/9/2019,14:00,16:00,,,Blue-gray Gnatcatcher,Calling,no visual,,14:23,3,,,,,
802,5/9/2019,14:00,16:00,,,Canyon Wren,Singing,no visual,,14:23,3,,,,,
803,5/9/2019,14:00,16:00,,,Black-throated Sparrow,Singing,no visual,,14:25,2,,,,,
804,5/9/2019,14:00,16:00,,,Black-throated Sparrow,Singing,no visual,,14:25,2,,,,,
805,5/9/2019,14:00,16:00,,,Black-throated Sparrow,Calling,no visual,,14:25,2,,,,,
806,5/9/2019,14:00,16:00,34.78133,-115.66357,Black-throated Sparrow,Calling,shrub,6-Apr,14:30,1,,,,,
807,5/9/2019,14:00,16:00,34.78134,-115.66358,Black-throated Sparrow,Calling,shrub,12-Jul,14:32,1,Rattlesnake in way coordinates about 5 meters east of actual location,,,,
808,5/9/2019,14:00,16:00,34.78134,-115.66358,Black-throated Sparrow,Calling,shrub,12-Jul,14:32,1,Rattlesnake in way coordinates about 5 meters east of actual location,,,,
809,5/9/2019,14:00,16:00,34.78128,-115.66351,Hummingbird,Flying,,,14:34,1,,,,,
810,5/9/2019,14:00,16:00,,,Blue-gray Gnatcatcher,Preening,shrub,28-31,14:55,2,,,,,
811,5/9/2019,14:00,16:00,,,Blue-gray Gnatcatcher,Preening,shrub,28-31,14:55,2,,,,,
812,5/9/2019,14:00,16:00,,,Canyon Wren,Singing,no visual,,15:05,3,,,,,
813,5/9/2019,14:00,16:00,,,Ash-throated Flycatcher,Calling,no visual,,15:09,2,,,,,
814,5/9/2019,14:00,16:00,,,Black-throated Sparrow,Singing,no visual,,15:13,2,,,,,
815,5/9/2019,14:00,16:00,,,House Finch,Singing,no visual,,15:19,3,,,,,
816,5/9/2019,14:00,16:00,34.78193,-115.66363,Costa's Hummingbird,Sitting on Plant,shrub,32-102,15:19,1,,,,,
817,5/9/2019,14:00,16:00,,,Black-tailed Gnatcatcher,Calling,no visual,,15:42,2,,,,,
818,5/9/2019,14:00,16:00,,,Western Tanager,Singing,no visual,,15:55,3,,,,,
819,5/9/2019,14:00,16:00,,,White-throated Swift,Calling,air,,15:19,2,,,,,
820,5/9/2019,14:00,16:00,,,White-throated Swift,Calling,air,,15:19,,,,,,
821.2,5/9/2019,12:00,14:00,,,Black-throated Sparrow,Calling,no visual,,12:41,2,,,,,
838,5/9/2019,12:00,14:00,,,Black-throated Sparrow,Calling,no visual,,12:41,2,,,,,
821,5/10/2019,12:10,14:10,34.78218,-115.66239,Violet-green Swallow,Calling,air,,12:15,1,,,,,
822,,,,,,Blue-gray Gnatcatcher,Calling,no visual,,12:19,2,,,,,
823,,,,,,Blue-gray Gnatcatcher,Calling,no visual,,12:19,2,,,,,
824,,,,,,Black-throated Sparrow,Singing,no visual,,12:33,2,,,,,
825,,,,,,Mourning Dove,Singing,no visual,,12:36,3,,,,,
826,,,,34.78184,-115.66248,Phainopepla,Sitting on Plant,shrub,14-16,12:40,1,,,,,
827,,,,,,Cactus Wren,Singing,no visual,,12:40,2,,,,,
828,,,,34.78116,-115.66264,Northern Mockingbird,Singing,cactus canopy,17-28,12:47,1,,,,,
829,,,,,,Black-throated Sparrow,Calling,no visual,,12:47,2,,,,,
830,,,,,,Black-throated Sparrow,Calling,no visual,,12:47,2,,,,,
831,,,,,,Canyon Wren,Singing,no visual,,12:52,3,,,,,
832,,,,34.78178,-115.66241,Say's Phoebe,Sitting on Plant,shrub,29-37,13:06,2,,,,,
833,,,,34.78176,-115.66241,Black-throated Sparrow,Standing on Ground,cactus understory,,13:06,2,,,,,
834,,,,,,Cactus Wren,Singing,no visual,,13:05,3,,,,,
835,,,,34.78173,-115.66182,Black-throated Sparrow,Foraging,cactus canopy,51-69,13:10,3,,,,,
836,,,,34.78173,-115.66182,Black-throated Sparrow,Foraging,cactus canopy,51-69,13:10,3,,,,,
837,,,,,,Mourning Dove,Standing on Ground,rock,38-50,13:12,3,,,,,
839,,,,,,Black-throated Sparrow,Singing,no visual,,13:38,3,,,,,
840,,,,,,Costa's Hummingbird,Singing,no visual,,13:43,1,,,,,
841,,,,34.78004,-115.66315,Western Wood-Pewee,Flying,cactus canopy,71-163,13:47,1,,,,,
842,,,,34.7788,-115.66298,Western Wood-Pewee,Flying,air,,13:59,1,,,,,
843,,,,34.7788,-115.66298,Western Wood-Pewee,Flying,air,,13:59,1,,,,,
844,,,,,,Black-throated Sparrow,Singing,no visual,,14:00,2,,,,,
845,,,,,,Canyon Wren,Singing,no visual,,14:10,3,,,,,
846,,,,,,Black-throated Sparrow,Calling,no visual,,14:10,1,,,,,
847,,,,34.77895,-115.66429,Black-throated Sparrow,Foraging,shrub,164-205,14:17,1,,,,,
848,,,,34.77895,-115.66429,Black-throated Sparrow,Foraging,shrub,164-205,14:17,1,,,,,
849,,,,34.77908,-115.66402,Hummingbird,Flying,air,,14:20,1,,,,,
850,,,,,,Northern Mockingbird,Flying,air,,14:35,2,,,,,
851,,,,34.7794,-115.664,Black-throated Sparrow,Sparring,shrub,,14:39,1,,,,,
852,,,,34.7794,-115.664,Black-throated Sparrow,Sparring,shrub,,14:39,1,,,,,
853,,,,34.78094,-115.66364,Black-throated Sparrow,Flying,shrub,223,14:35,1,,,,,
854,,,,34.78094,-115.66364,Black-throated Sparrow,Flying,shrub,223,14:35,1,,,,,
855,,,,34.78094,-115.66364,Black-throated Sparrow,Flying,shrub,223,14:35,1,,,,,
856,,,,34.78094,-115.66364,Black-throated Sparrow,Flying,shrub,223,14:35,1,,,,,
857,,,,34.78094,-115.66364,Black-throated Sparrow,Flying,shrub,223,14:35,1,,,,,
858,,,,,,Blue-gray Gnatcatcher,Calling,no visual,,14:55,1,,,,,
859,,,,,,Blue-gray Gnatcatcher,Calling,no visual,,14:55,1,,,,,
860,,,,,,Canyon Wren,Singing,no visual,,14:55,3,,,,,
861,,,,34.78104,-115.6635,Black-throated Sparrow,Standing on Ground,gravel,,14:57,1,,,,,
862,,,,34.7812,-115.66363,Black-throated Sparrow,Sitting on Plant,gravel,227-229,15:01,1,,,,,
863,,,,34.78196,-115.66363,Nashville Warbler,Calling,shrub,230-255,15:24,1,,,,,
864,,,,,,Black-throated Sparrow,Singing,no visual,,15:29,2,,,,,
865,,,,,,Black-throated Sparrow,Singing,no visual,,15:39,2,,,,,
866,,,,,,Blue-gray Gnatcatcher,Calling,no visual,,15:42,1,,,,,
867,,,,34.78259,-115.66328,Hummingbird,Flying,air,,15:50,1,,,,,
868,,,,,,Ash-throated Flycatcher,Calling,no visual,,15:52,2,,,,,
869,,,,34.78309,-115.66299,Black-throated Sparrow,Walking,gravel,,15:58,1,,,,,
870,,,,,,Gambel's Quail,Calling,no visual,,16:01,3,,,,,
871,,,,34.78296,-115.66313,Blue-gray Gnatcatcher,Singing,shrub,,16:07,1,,,,,
872,,,,,,Canyon Wren,Singing,no visual,,16:08,3,,,,,
